Train_No,Train_Name,Station_Name,Station_Code,Delay,Zone,Long,Lat
1004,SWV DR SPL,CHOPAN,CPU,0.0,CR,83.025843,24.51403
1004,SWV DR SPL,AGORI KHAS,AGY,0.0,CR,83.056105,24.59896
1004,SWV DR SPL,CHURK,CUK,0.0,CR,83.1032006,24.6496787
1004,SWV DR SPL,SONBHADRA,SBDR,0.0,CR,,
1004,SWV DR SPL,KHAIRAHI,KHRY,0.0,CR,82.9857744763,24.8020366077
1004,SWV DR SPL,LUSA,LUSA,0.0,CR,82.843318,24.876546
1004,SWV DR SPL,SAKTESGARH,SKGH,0.0,CR,82.821887,24.999741
1004,SWV DR SPL,VISHWANATH PURI,VWP,0.0,CR,,
1004,SWV DR SPL,CHUNAR,CAR,0.0,CR,82.874703,25.103351
1004,SWV DR SPL,MIRZAPUR,MZP,0.0,CR,82.56986900000000,25.13435
1004,SWV DR SPL,VINDHYACHAL,BDL,0.0,CR,82.5020212,25.1607717
1004,SWV DR SPL,MANDA ROAD,MNF,0.0,CR,82.236678,25.162718
1004,SWV DR SPL,MEJA ROAD,MJA,0.0,CR,82.089337,25.221545
1004,SWV DR SPL,NAINI,NYN,0.0,CR,81.86004200000000,25.393138
1004,SWV DR SPL,PRAYAGRAJ JN,PRYJ,0.0,CR,81.8253,25.4453
1004,SWV DR SPL,AHMEDABAD JN,ADI,0.0,CR,72.601516,23.025515
1004,SWV DR SPL,VADODARA JN,BRC,13.0,CR,73.181065,22.310756
1004,SWV DR SPL,UDHNA JN,UDN,44.0,CR,72.851461,21.171156
1004,SWV DR SPL,VAPI,VAPI,62.0,CR,72.90912700000000,20.374338
1004,SWV DR SPL,VASAI ROAD,BSR,68.0,CR,72.8322217,19.3824486
1004,SWV DR SPL,BHIWANDI ROAD,BIRD,58.0,CR,73.045654,19.268544
1004,SWV DR SPL,THANE,TNA,32.0,CR,72.97541700000000,19.185757
1004,SWV DR SPL,LOKMANYATILAK T,LTT,0.0,CR,72.89173900000000,19.07032
1008,DECCAN EXPRESS,,nan,,,,
1029,KOYNA SPL,,nan,,,,
1041,DR SNSI SPECIAL,,nan,,,,
1042,SNSI DR SPECIAL,,nan,,,,
1095,ADI PUNE SF SPL,,nan,,,,
1131,DR RN SPL,LOKMANYATILAK T,LTT,14.0,CR,72.89173900000000,19.07032
1131,DR RN SPL,THANE,TNA,12.0,CR,72.97541700000000,19.185757
1131,DR RN SPL,PANVEL,PNVL,12.0,CR,73.121756,18.990919
1131,DR RN SPL,PEN,PEN,19.0,CR,73.0867978516,18.7356044559
1131,DR RN SPL,ROHA,ROHA,3.0,CR,73.12357712000000,18.44649043
1131,DR RN SPL,MANGAON,MNI,12.0,CR,73.275679,18.247286
1131,DR RN SPL,KHED,KHED,54.0,CR,73.40881500000000,17.712059
1131,DR RN SPL,CHIPLUN,CHI,58.0,CR,73.522429,17.5425074
1131,DR RN SPL,SANGMESHWAR,SGR,76.0,CR,73.546234,17.201999
1131,DR RN SPL,RATNAGIRI,RN,105.0,CR,73.356938,17.002793
1131,DR RN SPL,ADAVALI,ADVI,108.0,CR,73.592514,16.921753
1131,DR RN SPL,VILAVADE,VID,107.0,CR,73.619321,16.785593
1131,DR RN SPL,RAJAPUR ROAD,RAJP,94.0,CR,73.626565,16.635175
1131,DR RN SPL,VAIBHAVWADI RD,VBW,97.0,CR,73.707645,16.512013
1131,DR RN SPL,KANKAVALI,KKW,108.0,CR,73.71987090000000,16.2587773
1131,DR RN SPL,SINDHUDURG,SNDD,107.0,CR,73.67934,16.111322
1131,DR RN SPL,KUDAL,KUDL,101.0,CR,73.67813000000000,16.017651
1131,DR RN SPL,SAWANTWADI ROAD,SWV,32.0,CR,73.785308,15.866512
1132,RN DR SPL,,nan,,,,
1221,NZM RAJDHANI SPL,,nan,,,,
1222,CSMT RAJDNI SPL,,nan,,,,
1223,ERS DURONTO SPL,,nan,,,,
1265,MML ABKP SPL,,nan,,,,
1266,ABKP JBP SPL,NAGPUR,NGP,254.0,WCR,79.089004,21.153567
1266,ABKP JBP SPL,AJNI,AJNI,250.0,WCR,79.0825197485,21.1268588122
1266,ABKP JBP SPL,SEVAGRAM,SEGM,332.0,WCR,78.619225,20.739076
1266,ABKP JBP SPL,WARDHA JN,WR,326.0,WCR,78.594157,20.732777
1266,ABKP JBP SPL,PULGAON JN,PLO,333.0,WCR,78.318111,20.726734
1266,ABKP JBP SPL,DHAMANGAON,DMN,335.0,WCR,78.138054,20.784674
1266,ABKP JBP SPL,BADNERA JN,BD,312.0,WCR,77.73231970000000,20.8567925
1266,ABKP JBP SPL,MURTAJAPUR,MZR,323.0,WCR,77.35482500000000,20.736468
1266,ABKP JBP SPL,AKOLA JN,AK,315.0,WCR,77.005497,20.723084
1266,ABKP JBP SPL,JALAMB JN,JM,318.0,WCR,76.573236,20.813007
1266,ABKP JBP SPL,MALKAPUR,MKU,323.0,WCR,76.202946,20.891974
1266,ABKP JBP SPL,BHUSAVAL JN,BSL,265.0,WCR,75.78867170000000,21.0472812
1266,ABKP JBP SPL,JALGAON JN,JL,253.0,WCR,75.56287500000000,21.018115
1266,ABKP JBP SPL,CHALISGAON JN,CSN,222.0,WCR,74.999049,20.464109
1266,ABKP JBP SPL,MANMAD JN,MMR,222.0,WCR,74.438305,20.249887
1266,ABKP JBP SPL,NASIK ROAD,NK,188.0,WCR,73.841897,19.947627
1266,ABKP JBP SPL,IGATPURI,IGP,157.0,WCR,73.56237900000000,19.694053
1266,ABKP JBP SPL,KASARA,KSRA,177.0,WCR,73.472003,19.647159
1266,ABKP JBP SPL,KALYAN JN,KYN,49.0,WCR,73.12974,19.234716
1266,ABKP JBP SPL,DADAR,DR,98.0,WCR,72.842972,19.017179
1266,ABKP JBP SPL,C SHIVAJI TERM MUMBAI,CSMT,96.0,WCR,,
1271,ET BPL SPECIAL,,nan,,,,
1272,BPL ET SPECIAL,,nan,,,,
1435,SUR LTT SPECIAL,SOLAPUR JN,SUR,7.0,CR,75.893401,17.664496
1435,SUR LTT SPECIAL,AKALKOT ROAD,AKOR,18.0,CR,76.13768900000000,17.450243
1435,SUR LTT SPECIAL,GANAGAPUR ROAD,GUR,23.0,CR,76.5903,17.340443
1435,SUR LTT SPECIAL,KALABURAGI JN,KLBG,38.0,CR,,
1435,SUR LTT SPECIAL,HUMNABAD,HMBD,32.0,CR,,
1435,SUR LTT SPECIAL,BIDAR,BIDR,115.0,CR,77.5137793,17.9116836
1435,SUR LTT SPECIAL,BHALKI,BHLK,136.0,CR,77.228081,18.0470111
1435,SUR LTT SPECIAL,UDGIR,UDGR,479.0,CR,77.1099430353,18.3906018255
1435,SUR LTT SPECIAL,LATUR ROAD,LTRR,465.0,CR,76.845289,18.506494
1435,SUR LTT SPECIAL,LATUR,LUR,101.0,CR,76.55604900000000,18.429166
1435,SUR LTT SPECIAL,USMANABAD,UMD,95.0,CR,76.022663,18.248154
1435,SUR LTT SPECIAL,BARSI TOWN,BTW,84.0,CR,75.718169,18.240993
1435,SUR LTT SPECIAL,KURDUVADI,KWV,105.0,CR,75.41711800000000,18.091348
1435,SUR LTT SPECIAL,DAUND JN,DD,104.0,CR,74.578622,18.463547
1435,SUR LTT SPECIAL,PUNE JN,PUNE,119.0,CR,73.873086,18.529378
1435,SUR LTT SPECIAL,PANVEL,PNVL,209.0,CR,73.121756,18.990919
1435,SUR LTT SPECIAL,THANE,TNA,269.0,CR,72.97541700000000,19.185757
1435,SUR LTT SPECIAL,LOKMANYATILAK T,LTT,0.0,CR,72.89173900000000,19.07032
1436,LTT SUR SPECIAL,LOKMANYATILAK T,LTT,7.0,CR,72.89173900000000,19.07032
1436,LTT SUR SPECIAL,THANE,TNA,3.0,CR,72.97541700000000,19.185757
1436,LTT SUR SPECIAL,PANVEL,PNVL,52.0,CR,73.121756,18.990919
1436,LTT SUR SPECIAL,PUNE JN,PUNE,121.0,CR,73.873086,18.529378
1436,LTT SUR SPECIAL,DAUND JN,DD,150.0,CR,74.578622,18.463547
1436,LTT SUR SPECIAL,KURDUVADI,KWV,162.0,CR,75.41711800000000,18.091348
1436,LTT SUR SPECIAL,BARSI TOWN,BTW,184.0,CR,75.718169,18.240993
1436,LTT SUR SPECIAL,USMANABAD,UMD,181.0,CR,76.022663,18.248154
1436,LTT SUR SPECIAL,LATUR,LUR,163.0,CR,76.55604900000000,18.429166
1436,LTT SUR SPECIAL,LATUR ROAD,LTRR,91.0,CR,76.845289,18.506494
1436,LTT SUR SPECIAL,UDGIR,UDGR,91.0,CR,77.1099430353,18.3906018255
1436,LTT SUR SPECIAL,BHALKI,BHLK,106.0,CR,77.228081,18.0470111
1436,LTT SUR SPECIAL,BIDAR,BIDR,147.0,CR,77.5137793,17.9116836
1436,LTT SUR SPECIAL,HUMNABAD,HMBD,360.0,CR,,
1436,LTT SUR SPECIAL,KALABURAGI JN,KLBG,402.0,CR,,
1436,LTT SUR SPECIAL,GANAGAPUR ROAD,GUR,415.0,CR,76.5903,17.340443
1436,LTT SUR SPECIAL,AKALKOT ROAD,AKOR,435.0,CR,76.13768900000000,17.450243
1436,LTT SUR SPECIAL,SOLAPUR JN,SUR,430.0,CR,75.893401,17.664496
1595,KAWR MAO SPL,KARWAR,KAWR,10.0,CR,74.183139,14.821387
1595,KAWR MAO SPL,CANCONA,CNO,22.0,CR,74.039454,15.006906
1595,KAWR MAO SPL,MADGAON,MAO,2.0,CR,73.97072400000000,15.267911
1596,MAO KAWR SPL,MADGAON,MAO,5.0,CR,73.97072400000000,15.267911
1596,MAO KAWR SPL,CANCONA,CNO,13.0,CR,74.039454,15.006906
1665,AGTL FESTIVL SPL,RANI KAMLAPATI,RKMP,2.0,WCR,77.4401,23.2216
1665,AGTL FESTIVL SPL,NARMADAPURAM,NDPM,15.0,WCR,,
1665,AGTL FESTIVL SPL,ITARSI JN,ET,6.0,WCR,77.767128,22.608258
1665,AGTL FESTIVL SPL,PIPARIYA,PPI,22.0,WCR,78.354538,22.753941
1665,AGTL FESTIVL SPL,GADARWARA,GAR,19.0,WCR,78.79173400000000,22.899459
1665,AGTL FESTIVL SPL,NARSINGHPUR,NU,27.0,WCR,79.214385,22.943112
1665,AGTL FESTIVL SPL,JABALPUR,JBP,56.0,WCR,79.950919,23.164636
1665,AGTL FESTIVL SPL,KATNI,KTE,110.0,WCR,80.400543,23.833385
1665,AGTL FESTIVL SPL,MAIHAR,MYR,122.0,WCR,80.763148,24.255485
1665,AGTL FESTIVL SPL,SATNA,STA,141.0,WCR,80.827717,24.568619
1665,AGTL FESTIVL SPL,MANIKPUR JN,MKP,156.0,WCR,81.09365700000000,25.063492
1665,AGTL FESTIVL SPL,PRAYAGRAJ CHHEOKI,PCOI,188.0,WCR,,
1665,AGTL FESTIVL SPL,MIRZAPUR,MZP,209.0,WCR,82.56986900000000,25.13435
1665,AGTL FESTIVL SPL,PT DEEN DAYAL UPADHYAY JN,DDU,142.0,WCR,,
1665,AGTL FESTIVL SPL,BUXAR,BXR,176.0,WCR,83.982184,25.562067
1665,AGTL FESTIVL SPL,ARA,ARA,201.0,WCR,84.66259600000000,25.548889
1665,AGTL FESTIVL SPL,DANAPUR,DNR,217.0,WCR,85.044629,25.581921
1665,AGTL FESTIVL SPL,PATLIPUTRA,PPTA,223.0,WCR,85.068505,25.621426
1665,AGTL FESTIVL SPL,HAJIPUR JN,HJP,251.0,WCR,85.2155,25.702909
1665,AGTL FESTIVL SPL,BARAUNI JN,BJU,288.0,WCR,85.988748,25.461768
1665,AGTL FESTIVL SPL,BEGU SARAI,BGS,300.0,WCR,86.134476,25.425296
1665,AGTL FESTIVL SPL,KHAGARIA JN,KGG,310.0,WCR,86.46525100000000,25.505891
1665,AGTL FESTIVL SPL,NAUGACHIA,NNA,317.0,WCR,87.09387,25.385261
1665,AGTL FESTIVL SPL,KATIHAR JN,KIR,314.0,WCR,87.566409,25.548947
1665,AGTL FESTIVL SPL,KISHANGANJ,KNE,373.0,WCR,87.949657,26.097746
1665,AGTL FESTIVL SPL,NEW JALPAIGURI,NJP,379.0,WCR,88.443391,26.683025
1665,AGTL FESTIVL SPL,NEW COOCH BEHAR,NCB,401.0,WCR,89.469766,26.353159
1665,AGTL FESTIVL SPL,NEW BONGAIGAON,NBQ,432.0,WCR,90.53684346440000,26.4758354405
1665,AGTL FESTIVL SPL,RANGIYA JN,RNY,428.0,WCR,91.605929,26.447901
1665,AGTL FESTIVL SPL,GUWAHATI,GHY,441.0,WCR,91.751851,26.182635
1665,AGTL FESTIVL SPL,CHAPARMUKH JN,CPK,471.0,WCR,92.511718,26.202272
1665,AGTL FESTIVL SPL,NEW HAFLONG,NHLG,543.0,WCR,93.0319,25.1481
1665,AGTL FESTIVL SPL,BADARPUR JN,BPB,542.0,WCR,92.5563227,24.8651775
1665,AGTL FESTIVL SPL,NEW KARIMGANJ,NKMG,532.0,WCR,92.3943808116131,24.8433689098397
1665,AGTL FESTIVL SPL,DHARMANAGAR,DMR,513.0,WCR,92.16824700000000,24.366946
1665,AGTL FESTIVL SPL,KUMARGHAT,KUGT,510.0,WCR,92.0348331158,24.1506303119
1665,AGTL FESTIVL SPL,AMBASA,ABSA,500.0,WCR,91.860783,23.930507
1665,AGTL FESTIVL SPL,TELIAMURA,TLMR,503.0,WCR,91.617734,23.861247
1665,AGTL FESTIVL SPL,AGARTALA,AGTL,450.0,WCR,91.278481,23.792417
1666,AGTL RKMP SPL,AGARTALA,AGTL,1.0,WCR,91.278481,23.792417
1666,AGTL RKMP SPL,TELIAMURA,TLMR,7.0,WCR,91.617734,23.861247
1666,AGTL RKMP SPL,AMBASA,ABSA,10.0,WCR,91.860783,23.930507
1666,AGTL RKMP SPL,KUMARGHAT,KUGT,4.0,WCR,92.0348331158,24.1506303119
1666,AGTL RKMP SPL,DHARMANAGAR,DMR,5.0,WCR,92.16824700000000,24.366946
1666,AGTL RKMP SPL,NEW KARIMGANJ,NKMG,6.0,WCR,92.3943808116131,24.8433689098397
1666,AGTL RKMP SPL,BADARPUR JN,BPB,7.0,WCR,92.5563227,24.8651775
1666,AGTL RKMP SPL,NEW HAFLONG,NHLG,10.0,WCR,93.0319,25.1481
1666,AGTL RKMP SPL,CHAPARMUKH JN,CPK,31.0,WCR,92.511718,26.202272
1666,AGTL RKMP SPL,GUWAHATI,GHY,57.0,WCR,91.751851,26.182635
1666,AGTL RKMP SPL,RANGIYA JN,RNY,58.0,WCR,91.605929,26.447901
1666,AGTL RKMP SPL,NEW BONGAIGAON,NBQ,55.0,WCR,90.53684346440000,26.4758354405
1666,AGTL RKMP SPL,NEW COOCH BEHAR,NCB,106.0,WCR,89.469766,26.353159
1666,AGTL RKMP SPL,NEW JALPAIGURI,NJP,131.0,WCR,88.443391,26.683025
1666,AGTL RKMP SPL,KISHANGANJ,KNE,156.0,WCR,87.949657,26.097746
1666,AGTL RKMP SPL,KATIHAR JN,KIR,206.0,WCR,87.566409,25.548947
1666,AGTL RKMP SPL,NAUGACHIA,NNA,210.0,WCR,87.09387,25.385261
1666,AGTL RKMP SPL,KHAGARIA JN,KGG,235.0,WCR,86.46525100000000,25.505891
1666,AGTL RKMP SPL,BEGU SARAI,BGS,260.0,WCR,86.134476,25.425296
1666,AGTL RKMP SPL,BARAUNI JN,BJU,273.0,WCR,85.988748,25.461768
1666,AGTL RKMP SPL,HAJIPUR JN,HJP,291.0,WCR,85.2155,25.702909
1666,AGTL RKMP SPL,PATLIPUTRA,PPTA,280.0,WCR,85.068505,25.621426
1666,AGTL RKMP SPL,DANAPUR,DNR,290.0,WCR,85.044629,25.581921
1666,AGTL RKMP SPL,ARA,ARA,301.0,WCR,84.66259600000000,25.548889
1666,AGTL RKMP SPL,BUXAR,BXR,319.0,WCR,83.982184,25.562067
1666,AGTL RKMP SPL,PT DEEN DAYAL UPADHYAY JN,DDU,326.0,WCR,,
1666,AGTL RKMP SPL,MIRZAPUR,MZP,319.0,WCR,82.56986900000000,25.13435
1666,AGTL RKMP SPL,PRAYAGRAJ CHHEOKI,PCOI,325.0,WCR,,
1666,AGTL RKMP SPL,MANIKPUR JN,MKP,300.0,WCR,81.09365700000000,25.063492
1666,AGTL RKMP SPL,SATNA,STA,359.0,WCR,80.827717,24.568619
1666,AGTL RKMP SPL,MAIHAR,MYR,375.0,WCR,80.763148,24.255485
1666,AGTL RKMP SPL,KATNI,KTE,406.0,WCR,80.400543,23.833385
1666,AGTL RKMP SPL,JABALPUR,JBP,447.0,WCR,79.950919,23.164636
1666,AGTL RKMP SPL,NARSINGHPUR,NU,460.0,WCR,79.214385,22.943112
1666,AGTL RKMP SPL,GADARWARA,GAR,481.0,WCR,78.79173400000000,22.899459
1666,AGTL RKMP SPL,PIPARIYA,PPI,498.0,WCR,78.354538,22.753941
1666,AGTL RKMP SPL,ITARSI JN,ET,493.0,WCR,77.767128,22.608258
1666,AGTL RKMP SPL,NARMADAPURAM,NDPM,495.0,WCR,,
1666,AGTL RKMP SPL,RANI KAMLAPATI,RKMP,490.0,WCR,77.4401,23.2216
2003,NDLS SWARNA SHATABDI,,nan,,,,
2004,LJN SWARNA SHATABDI,,nan,,,,
2005,KALKA SHTBDI SPL,,nan,,,,
2006,KALKA SHTBDI SPL,,nan,,,,
2011,NDLS KLK SHATABDI,,nan,,,,
2012,KLK SHTBDI SPL,,nan,,,,
2013,ASR SHTBDI SPL,,nan,,,,
2014,NDLS SHATABDI SPL,,nan,,,,
2033,CNB NDLS SHT SPL,,nan,,,,
2034,NDLS CNB SHT SPL,,nan,,,,
2039,NDLS SHATABDI SPL,,nan,,,,
2040,KGM SHATABDI SPL,NAGPUR,NGP,2.0,NR,79.089004,21.153567
2040,KGM SHATABDI SPL,AJNI,AJNI,0.0,NR,79.0825197485,21.1268588122
2040,KGM SHATABDI SPL,WARDHA JN,WR,72.0,NR,78.594157,20.732777
2040,KGM SHATABDI SPL,PULGAON JN,PLO,81.0,NR,78.318111,20.726734
2040,KGM SHATABDI SPL,DHAMANGAON,DMN,82.0,NR,78.138054,20.784674
2040,KGM SHATABDI SPL,BADNERA JN,BD,73.0,NR,77.73231970000000,20.8567925
2040,KGM SHATABDI SPL,AKOLA JN,AK,77.0,NR,77.005497,20.723084
2040,KGM SHATABDI SPL,SHEGAON,SEG,85.0,NR,76.690331,20.801724
2040,KGM SHATABDI SPL,MALKAPUR,MKU,85.0,NR,76.202946,20.891974
2040,KGM SHATABDI SPL,BHUSAVAL JN,BSL,67.0,NR,75.78867170000000,21.0472812
2040,KGM SHATABDI SPL,NASIK ROAD,NK,111.0,NR,73.841897,19.947627
2040,KGM SHATABDI SPL,IGATPURI,IGP,160.0,NR,73.56237900000000,19.694053
2040,KGM SHATABDI SPL,KALYAN JN,KYN,330.0,NR,73.12974,19.234716
2040,KGM SHATABDI SPL,DADAR,DR,0.0,NR,72.842972,19.017179
2040,KGM SHATABDI SPL,C SHIVAJI TERM MUMBAI,CSMT,0.0,NR,,
2051,INTERCITY SF SPL,,nan,,,,
2052,INTERCITY SF SPL,,nan,,,,
2053,HW ASR JNSHTBDI,,nan,,,,
2054,ASR HW JNSHTBDI,,nan,,,,
2055,DDN JSHT SPL,,nan,,,,
2056,DDN NDLS JSHT SPL,,nan,,,,
2057,UHL JANSHT SPL,,nan,,,,
2061,JBP JANSHATABDI,,nan,,,,
2062,HBJ JANSHATABDI,,nan,,,,
2066,AII JAN SHATABDI,,nan,,,,
2067,JAN SHATABDI EX,,nan,,,,
2068,JAN SHATABDI EX,,nan,,,,
2069,JANSHATABDI EXP,,nan,,,,
2129,LTT PRYJ SPL,,nan,,,,
2147,DR SNSI SF SPL,,nan,,,,
2148,SNSI DR SF SPL,,nan,,,,
2217,MAHAMANA EXP,,nan,,,,
2218,MAHAMANA EXP,,nan,,,,
2219,SUHAILDEV SF SPL,,nan,,,,
2220,SUHAILDEV SF SPL,,nan,,,,
2225,KAIFIYAT SF SPL,,nan,,,,
2229,LUCKNOW MAIL,,nan,,,,
2230,LUCKNOW MAIL,,nan,,,,
2269,VANDE BHARAT SPL,CHHAPRA,CPR,10.0,SR,84.725004,25.78832
2269,VANDE BHARAT SPL,SURAIMANPUR,SIP,8.0,SR,84.48002200000000,25.80918
2269,VANDE BHARAT SPL,BALLIA,BUI,11.0,SR,84.15312000000000,25.76057
2269,VANDE BHARAT SPL,GHAZIPUR CITY,GCT,8.0,SR,83.568045,25.583144
2269,VANDE BHARAT SPL,VARANASI JN,BSB,5.0,SR,82.986468,25.327281
2269,VANDE BHARAT SPL,SULTANPUR,SLN,4.0,SR,82.066106,26.263027
2269,VANDE BHARAT SPL,LUCKNOW NR,LKO,13.0,SR,80.925291,26.830675
2270,VANDE BHARAT SPL,LUCKNOW NR,LKO,3.0,SR,80.925291,26.830675
2270,VANDE BHARAT SPL,SULTANPUR,SLN,9.0,SR,82.066106,26.263027
2270,VANDE BHARAT SPL,VARANASI JN,BSB,33.0,SR,82.986468,25.327281
2270,VANDE BHARAT SPL,GHAZIPUR CITY,GCT,28.0,SR,83.568045,25.583144
2270,VANDE BHARAT SPL,BALLIA,BUI,29.0,SR,84.15312000000000,25.76057
2270,VANDE BHARAT SPL,SURAIMANPUR,SIP,28.0,SR,84.48002200000000,25.80918
2270,VANDE BHARAT SPL,CHHAPRA,CPR,22.0,SR,84.725004,25.78832
2346,SARAIGHAT EXPRESS,,nan,,,,
2368,VIKRAMSHILA SPL,,nan,,,,
2419,GOMTI EXP,,nan,,,,
2420,GOMTI EXPRESS,,nan,,,,
2431,TVC NZM RAJ EXP,,nan,,,,
2432,NZM TVC RAJ SPL,,nan,,,,
2435,VANDE BHARAT SPL,,nan,,,,
2436,VANDE BHARAT SPL,,nan,,,,
2445,UP S KRANTI SPL,,nan,,,,
2446,UP S KRANTI SPL,,nan,,,,
2454,NDLS RNC SPL,,nan,,,,
2469,CSMT HWH SF SPL,,nan,,,,
2470,HWH CSMT SF SPL,,nan,,,,
2559,SHIV GANGA EXP,,nan,,,,
2563,BJU NDLS HUMSFAR,BARAUNI JN,BJU,97.0,ECR,85.988748,25.461768
2563,BJU NDLS HUMSFAR,MUZAFFARPUR JN,MFP,191.0,ECR,85.378006,26.122311
2563,BJU NDLS HUMSFAR,CHHAPRA,CPR,210.0,ECR,84.725004,25.78832
2563,BJU NDLS HUMSFAR,SIWAN JN,SV,221.0,ECR,84.359267,26.210724
2563,BJU NDLS HUMSFAR,DEORIA SADAR,DEOS,254.0,ECR,83.7819590961,26.5076811676
2563,BJU NDLS HUMSFAR,GORAKHPUR JN,GKP,307.0,ECR,83.381499,26.759311
2563,BJU NDLS HUMSFAR,BASTI,BST,329.0,ECR,82.77005900000000,26.815678
2563,BJU NDLS HUMSFAR,AISHBAGH,ASH,396.0,ECR,80.90960679930000,26.8373880081
2563,BJU NDLS HUMSFAR,KANPUR CENTRAL,CNB,440.0,ECR,80.350966,26.45424
2563,BJU NDLS HUMSFAR,NEW DELHI,NDLS,470.0,ECR,77.22000400000000,28.642314
2564,BJU HUMSAFAR,NEW DELHI,NDLS,55.0,ECR,77.22000400000000,28.642314
2564,BJU HUMSAFAR,KANPUR CENTRAL,CNB,122.0,ECR,80.350966,26.45424
2564,BJU HUMSAFAR,AISHBAGH,ASH,145.0,ECR,80.90960679930000,26.8373880081
2564,BJU HUMSAFAR,BASTI,BST,214.0,ECR,82.77005900000000,26.815678
2564,BJU HUMSAFAR,GORAKHPUR JN,GKP,205.0,ECR,83.381499,26.759311
2564,BJU HUMSAFAR,DEORIA SADAR,DEOS,210.0,ECR,83.7819590961,26.5076811676
2564,BJU HUMSAFAR,SIWAN JN,SV,214.0,ECR,84.359267,26.210724
2564,BJU HUMSAFAR,CHHAPRA,CPR,243.0,ECR,84.725004,25.78832
2564,BJU HUMSAFAR,MUZAFFARPUR JN,MFP,302.0,ECR,85.378006,26.122311
2564,BJU HUMSAFAR,BARAUNI JN,BJU,386.0,ECR,85.988748,25.461768
2569,DBG NDLS HMSAFAR,DARBHANGA JN,DBG,33.0,ECR,85.907575,26.157088
2569,DBG NDLS HMSAFAR,SAMASTIPUR JN,SPJ,55.0,ECR,85.78736,25.858304
2569,DBG NDLS HMSAFAR,MUZAFFARPUR JN,MFP,79.0,ECR,85.378006,26.122311
2569,DBG NDLS HMSAFAR,CHHAPRA,CPR,121.0,ECR,84.725004,25.78832
2569,DBG NDLS HMSAFAR,SIWAN JN,SV,140.0,ECR,84.359267,26.210724
2569,DBG NDLS HMSAFAR,DEORIA SADAR,DEOS,168.0,ECR,83.7819590961,26.5076811676
2569,DBG NDLS HMSAFAR,GORAKHPUR JN,GKP,228.0,ECR,83.381499,26.759311
2569,DBG NDLS HMSAFAR,BASTI,BST,252.0,ECR,82.77005900000000,26.815678
2569,DBG NDLS HMSAFAR,AISHBAGH,ASH,310.0,ECR,80.90960679930000,26.8373880081
2569,DBG NDLS HMSAFAR,KANPUR CENTRAL,CNB,368.0,ECR,80.350966,26.45424
2569,DBG NDLS HMSAFAR,NEW DELHI,NDLS,441.0,ECR,77.22000400000000,28.642314
2570,DBG HUMSAFAR,NEW DELHI,NDLS,183.0,ECR,77.22000400000000,28.642314
2570,DBG HUMSAFAR,KANPUR CENTRAL,CNB,228.0,ECR,80.350966,26.45424
2570,DBG HUMSAFAR,AISHBAGH,ASH,257.0,ECR,80.90960679930000,26.8373880081
2570,DBG HUMSAFAR,BASTI,BST,338.0,ECR,82.77005900000000,26.815678
2570,DBG HUMSAFAR,GORAKHPUR JN,GKP,335.0,ECR,83.381499,26.759311
2570,DBG HUMSAFAR,DEORIA SADAR,DEOS,343.0,ECR,83.7819590961,26.5076811676
2570,DBG HUMSAFAR,SIWAN JN,SV,364.0,ECR,84.359267,26.210724
2570,DBG HUMSAFAR,CHHAPRA,CPR,334.0,ECR,84.725004,25.78832
2570,DBG HUMSAFAR,MUZAFFARPUR JN,MFP,380.0,ECR,85.378006,26.122311
2570,DBG HUMSAFAR,SAMASTIPUR JN,SPJ,405.0,ECR,85.78736,25.858304
2570,DBG HUMSAFAR,DARBHANGA JN,DBG,409.0,ECR,85.907575,26.157088
2581,BSBS NDLS FEST SP,,nan,,,,
2587,GKP JAT FEST SPL,,nan,,,,
2588,GKP JAT SF SPL,,nan,,,,
2595,GKP FESTIVAL SPL,,nan,,,,
2596,HMSFR FEST SPL,,nan,,,,
2601,MAS MAQ SF EXP,,nan,,,,
2602,MAQ MAS SF EXP,,nan,,,,
2606,KKDI MS EXP,,nan,,,,
2607,LALBAGH EXP SPL,,nan,,,,
2608,LALBAGH EXP SPL,,nan,,,,
2613,TEJAS EXPRESS,,nan,,,,
2614,TEJAS EXP,,nan,,,,
2615,GRAND TRUNK EXP,,nan,,,,
2623,MAS TVC EXPRESS,,nan,,,,
2624,TVC MAS EXP,,nan,,,,
2627,TPJ TVC EXP,,nan,,,,
2628,TPJ EXPRESS,,nan,,,,
2631,MS TEN EXPRESS,,nan,,,,
2632,TEN MS EXPRESS,,nan,,,,
2633,MS CAPE SF EXP,,nan,,,,
2634,CAPE MS EXP,,nan,,,,
2635,MS MDU EXP,,nan,,,,
2636,MDU MS EXP,,nan,,,,
2637,PANDIAN SPECIAL,,nan,,,,
2638,PANDIAN SPECIAL,,nan,,,,
2639,MAS ALLP EXP,,nan,,,,
2640,ALLP MAS EXP,,nan,,,,
2649,YERCAUD SF SPL,,nan,,,,
2722,DAKSHIN SF SPL,,nan,,,,
2747,PANLNADU SF SPL,,nan,,,,
2748,PANLNADU SF SPL,,nan,,,,
2749,MTM BIDR SPL,,nan,,,,
2750,BIDR MTM SPL,,nan,,,,
2751,JAT HUMSAFAR SPL,,nan,,,,
2752,NED HUMSAFAR SPL,,nan,,,,
2801,PURUSHOTTAM EXP,,nan,,,,
2822,MAS HWH SPL,,nan,,,,
2925,PASCHIM EXP SPL,,nan,,,,
3182,SHTT KOAA SPL,,nan,,,,
4055,BUI ANVT SF SPL,BALLIA,BUI,32.0,NR,84.15312000000000,25.76057
4055,BUI ANVT SF SPL,GHAZIPUR CITY,GCT,43.0,NR,83.568045,25.583144
4055,BUI ANVT SF SPL,JAUNPUR JN,JNU,47.0,NR,82.69969600000000,25.762849
4055,BUI ANVT SF SPL,PRAYAGRAJ JN,PRYJ,138.0,NR,81.8253,25.4453
4055,BUI ANVT SF SPL,KANPUR CENTRAL,CNB,170.0,NR,80.350966,26.45424
4055,BUI ANVT SF SPL,ANAND VIHAR TRM,ANVT,146.0,NR,77.31521255,28.6505035654
4056,ANVT BUI SF SPL,ANAND VIHAR TRM,ANVT,9.0,NR,77.31521255,28.6505035654
4056,ANVT BUI SF SPL,KANPUR CENTRAL,CNB,63.0,NR,80.350966,26.45424
4056,ANVT BUI SF SPL,PRAYAGRAJ JN,PRYJ,43.0,NR,81.8253,25.4453
4056,ANVT BUI SF SPL,JAUNPUR JN,JNU,90.0,NR,82.69969600000000,25.762849
4056,ANVT BUI SF SPL,GHAZIPUR CITY,GCT,85.0,NR,83.568045,25.583144
4056,ANVT BUI SF SPL,BALLIA,BUI,59.0,NR,84.15312000000000,25.76057
4651,PNBE FZR HUMSAFAR,JAYNAGAR,JYG,52.0,NR,86.134871,26.589465
4651,PNBE FZR HUMSAFAR,DARBHANGA JN,DBG,82.0,NR,85.907575,26.157088
4651,PNBE FZR HUMSAFAR,SAMASTIPUR JN,SPJ,109.0,NR,85.78736,25.858304
4651,PNBE FZR HUMSAFAR,MUZAFFARPUR JN,MFP,128.0,NR,85.378006,26.122311
4651,PNBE FZR HUMSAFAR,CHHAPRA,CPR,142.0,NR,84.725004,25.78832
4651,PNBE FZR HUMSAFAR,SHAHGANJ JN,SHG,131.0,NR,82.679662,26.061399
4651,PNBE FZR HUMSAFAR,LUCKNOW NR,LKO,150.0,NR,80.925291,26.830675
4651,PNBE FZR HUMSAFAR,MORADABAD,MB,208.0,NR,78.765801,28.831621
4651,PNBE FZR HUMSAFAR,DELHI,DLI,288.0,NR,77.228356,28.661816
4651,PNBE FZR HUMSAFAR,AMBALA CANT JN,UMB,340.0,NR,76.826966,30.338918
4651,PNBE FZR HUMSAFAR,AMRITSAR JN,ASR,347.0,NR,74.858025,31.631512
4652,JYG HUMSAFR SPL,AMRITSAR JN,ASR,45.0,NR,74.858025,31.631512
4652,JYG HUMSAFR SPL,AMBALA CANT JN,UMB,65.0,NR,76.826966,30.338918
4652,JYG HUMSAFR SPL,DELHI,DLI,108.0,NR,77.228356,28.661816
4652,JYG HUMSAFR SPL,MORADABAD,MB,176.0,NR,78.765801,28.831621
4652,JYG HUMSAFR SPL,LUCKNOW NR,LKO,260.0,NR,80.925291,26.830675
4652,JYG HUMSAFR SPL,SHAHGANJ JN,SHG,295.0,NR,82.679662,26.061399
4652,JYG HUMSAFR SPL,CHHAPRA,CPR,282.0,NR,84.725004,25.78832
4652,JYG HUMSAFR SPL,MUZAFFARPUR JN,MFP,344.0,NR,85.378006,26.122311
4652,JYG HUMSAFR SPL,SAMASTIPUR JN,SPJ,365.0,NR,85.78736,25.858304
4652,JYG HUMSAFR SPL,DARBHANGA JN,DBG,400.0,NR,85.907575,26.157088
4652,JYG HUMSAFR SPL,JAYNAGAR,JYG,371.0,NR,86.134871,26.589465
4849,RTGH CUR DEMU SPL,RATANGARH JN,RTGH,32.0,NWR,74.6236025668,28.0665867073
4849,RTGH CUR DEMU SPL,MOLISAR,MIO,41.0,NWR,74.739025,28.13104
4849,RTGH CUR DEMU SPL,SHRI MAKRI NATH NAGAR,SMNN,39.0,NWR,74.824623,28.179884
4849,RTGH CUR DEMU SPL,JUHARPURA,JOH,43.0,NWR,74.84733,28.199319
4849,RTGH CUR DEMU SPL,DEPALSAR,DEP,46.0,NWR,74.92033750000000,28.2368573
4849,RTGH CUR DEMU SPL,CHURU,CUR,37.0,NWR,74.966203,28.288281
4850,CUR RTGH DEMU SPL,CHURU,CUR,61.0,NWR,74.966203,28.288281
4850,CUR RTGH DEMU SPL,DEPALSAR,DEP,65.0,NWR,74.92033750000000,28.2368573
4850,CUR RTGH DEMU SPL,JUHARPURA,JOH,72.0,NWR,74.84733,28.199319
4850,CUR RTGH DEMU SPL,SHRI MAKRI NATH NAGAR,SMNN,69.0,NWR,74.824623,28.179884
4850,CUR RTGH DEMU SPL,MOLISAR,MIO,74.0,NWR,74.739025,28.13104
4850,CUR RTGH DEMU SPL,RATANGARH JN,RTGH,55.0,NWR,74.6236025668,28.0665867073
4851,MTD RTGH DEMU SPL,MERTA ROAD JN,MTD,3.0,NWR,73.917896,26.728077
4851,MTD RTGH DEMU SPL,KHEDULI,KQW,8.0,NWR,74.014573,26.759393
4851,MTD RTGH DEMU SPL,REN,REN,11.0,NWR,74.07446200000000,26.788798
4851,MTD RTGH DEMU SPL,JALSU,JAC,14.0,NWR,74.194547,26.844883
4851,MTD RTGH DEMU SPL,JALSU NANAK,JACN,12.0,NWR,74.250429,26.868694
4851,MTD RTGH DEMU SPL,DEGANA JN,DNA,3.0,NWR,74.316388,26.897349
4851,MTD RTGH DEMU SPL,KIRODA,KRC,4.0,NWR,74.311248,26.991165
4851,MTD RTGH DEMU SPL,BARI KHATU,BKTU,5.0,NWR,,
4851,MTD RTGH DEMU SPL,CHOTI KHATU,CTKT,3.0,NWR,74.35723000000000,27.155534
4851,MTD RTGH DEMU SPL,PIRWA,PW,3.0,NWR,74.46727400000000,27.235415
4851,MTD RTGH DEMU SPL,KHUNKHUNA,KKNA,5.0,NWR,74.49286000000000,27.277761
4851,MTD RTGH DEMU SPL,MARWAR BALIA,MBSK,4.0,NWR,74.545106,27.357827
4851,MTD RTGH DEMU SPL,DIDWANA,DIA,7.0,NWR,74.55765600000000,27.406108
4851,MTD RTGH DEMU SPL,SANVRAD,SVO,6.0,NWR,74.518574,27.521887
4851,MTD RTGH DEMU SPL,BALSAMAND,BLSD,6.0,NWR,74.473873,27.581307
4851,MTD RTGH DEMU SPL,LADNUN,LAU,7.0,NWR,74.4056,27.64255
4851,MTD RTGH DEMU SPL,SUJANGARH,SUJH,7.0,NWR,74.463659,27.708763
4851,MTD RTGH DEMU SPL,TALCHHAPAR,TLC,9.0,NWR,74.487037,27.824805
4851,MTD RTGH DEMU SPL,PARHIHARA,PIH,21.0,NWR,74.559809,27.926801
4851,MTD RTGH DEMU SPL,LOHA,LOHA,21.0,NWR,74.619424,28.006921
4851,MTD RTGH DEMU SPL,RATANGARH JN,RTGH,15.0,NWR,74.6236025668,28.0665867073
4852,RTGH MTD DEMU SPL,RATANGARH JN,RTGH,22.0,NWR,74.6236025668,28.0665867073
4852,RTGH MTD DEMU SPL,LOHA,LOHA,21.0,NWR,74.619424,28.006921
4852,RTGH MTD DEMU SPL,PARHIHARA,PIH,29.0,NWR,74.559809,27.926801
4852,RTGH MTD DEMU SPL,TALCHHAPAR,TLC,30.0,NWR,74.487037,27.824805
4852,RTGH MTD DEMU SPL,SUJANGARH,SUJH,33.0,NWR,74.463659,27.708763
4852,RTGH MTD DEMU SPL,LADNUN,LAU,34.0,NWR,74.4056,27.64255
4852,RTGH MTD DEMU SPL,BALSAMAND,BLSD,31.0,NWR,74.473873,27.581307
4852,RTGH MTD DEMU SPL,SANVRAD,SVO,30.0,NWR,74.518574,27.521887
4852,RTGH MTD DEMU SPL,DIDWANA,DIA,33.0,NWR,74.55765600000000,27.406108
4852,RTGH MTD DEMU SPL,MARWAR BALIA,MBSK,29.0,NWR,74.545106,27.357827
4852,RTGH MTD DEMU SPL,KHUNKHUNA,KKNA,32.0,NWR,74.49286000000000,27.277761
4852,RTGH MTD DEMU SPL,PIRWA,PW,29.0,NWR,74.46727400000000,27.235415
4852,RTGH MTD DEMU SPL,CHOTI KHATU,CTKT,28.0,NWR,74.35723000000000,27.155534
4852,RTGH MTD DEMU SPL,BARI KHATU,BKTU,33.0,NWR,,
4852,RTGH MTD DEMU SPL,KIRODA,KRC,37.0,NWR,74.311248,26.991165
4852,RTGH MTD DEMU SPL,DEGANA JN,DNA,41.0,NWR,74.316388,26.897349
4852,RTGH MTD DEMU SPL,JALSU NANAK,JACN,40.0,NWR,74.250429,26.868694
4852,RTGH MTD DEMU SPL,JALSU,JAC,44.0,NWR,74.194547,26.844883
4852,RTGH MTD DEMU SPL,REN,REN,36.0,NWR,74.07446200000000,26.788798
4852,RTGH MTD DEMU SPL,KHEDULI,KQW,41.0,NWR,74.014573,26.759393
4852,RTGH MTD DEMU SPL,MERTA ROAD JN,MTD,1.0,NWR,73.917896,26.728077
4879,BME MBF SPL,BARMER,BME,4.0,NWR,71.397067,25.7445219
4879,BME MBF SPL,JASAI,JSA,6.0,NWR,71.24586000000000,25.716785
4879,BME MBF SPL,BHACHHBAR,BBC,6.0,NWR,71.044404,25.73181
4879,BME MBF SPL,RAMSAR,RMX,4.0,NWR,70.866078,25.722252
4879,BME MBF SPL,GAGARIYA,GGY,3.0,NWR,70.734877,25.741083
4879,BME MBF SPL,GADRA ROAD,GDD,5.0,NWR,70.64304,25.743851
4879,BME MBF SPL,LILMA,LIL,4.0,NWR,,
4879,BME MBF SPL,JAISINGDER,JSD,4.0,NWR,70.35885900000000,25.755537
5013,RANIKHET SPL,GORAKHPUR JN,GKP,40.0,NER,83.381499,26.759311
5013,RANIKHET SPL,SAHJANWA,SWA,39.0,NER,83.2147,26.763075
5013,RANIKHET SPL,MAGHAR,MHH,41.0,NER,83.133741,26.750013
5013,RANIKHET SPL,KHALILABAD,KLD,29.0,NER,83.055073,26.77453
5013,RANIKHET SPL,BASTI,BST,11.0,NER,82.77005900000000,26.815678
5013,RANIKHET SPL,BABHNAN,BV,39.0,NER,82.500127,26.938525
5013,RANIKHET SPL,S NARAYAN CHPLA,SNC,35.0,NER,82.3961659851,26.9810021017
5013,RANIKHET SPL,MASKANWA,MSW,30.0,NER,82.3597396039,27.0013792301
5013,RANIKHET SPL,MANKAPUR JN,MUR,18.0,NER,82.227648,27.039058
5013,RANIKHET SPL,AYODHYA DHAM JN,AY,9.0,NER,82.200604,26.787784
5013,RANIKHET SPL,GORAKHPUR JN,GKP,40.0,NER,83.381499,26.759311
5013,RANIKHET SPL,SAHJANWA,SWA,39.0,NER,83.2147,26.763075
5013,RANIKHET SPL,MAGHAR,MHH,41.0,NER,83.133741,26.750013
5013,RANIKHET SPL,KHALILABAD,KLD,29.0,NER,83.055073,26.77453
5013,RANIKHET SPL,BASTI,BST,11.0,NER,82.77005900000000,26.815678
5013,RANIKHET SPL,BABHNAN,BV,39.0,NER,82.500127,26.938525
5013,RANIKHET SPL,S NARAYAN CHPLA,SNC,35.0,NER,82.3961659851,26.9810021017
5013,RANIKHET SPL,MASKANWA,MSW,30.0,NER,82.3597396039,27.0013792301
5013,RANIKHET SPL,MANKAPUR JN,MUR,18.0,NER,82.227648,27.039058
5013,RANIKHET SPL,AYODHYA DHAM JN,AY,9.0,NER,82.200604,26.787784
5121,THE CI EXP SPL,DOHRIGHAT,DIT,0.0,NER,,
5121,THE CI EXP SPL,MURADPUR H,MRDP,0.0,NER,,
5121,THE CI EXP SPL,AMILA H,AMD,0.0,NER,,
5121,THE CI EXP SPL,GHOSI,GSI,0.0,NER,,
5121,THE CI EXP SPL,KOPAGANJ H,KPJ,0.0,NER,,
5121,THE CI EXP SPL,INDARA JN,IAA,101.0,NER,83.61961100000000,25.987832
5121,THE CI EXP SPL,MAU JN,MAU,84.0,NER,83.564347,25.93948
5121,THE CI EXP SPL,PANIARA H,PNRA,80.0,NER,83.525851,25.902065
5121,THE CI EXP SPL,PIPRI DIH,PPH,83.0,NER,83.500574,25.879046
5121,THE CI EXP SPL,NAYAK DIH H,NAKD,79.0,NER,83.466008,25.847026
5121,THE CI EXP SPL,DULLAHAPUR,DLR,87.0,NER,83.423264,25.799898
5121,THE CI EXP SPL,JAKHANIAN,JKN,94.0,NER,83.369563,25.740942
5121,THE CI EXP SPL,HURMUJPUR H,HMPR,91.0,NER,83.35227500000000,25.721525
5121,THE CI EXP SPL,SADAT,SDT,111.0,NER,83.308384,25.673309
5121,THE CI EXP SPL,MAHPUR,MHO,107.0,NER,83.246984,25.605166
5121,THE CI EXP SPL,AUNRIHAR JN,ARJ,154.0,NER,83.18727200000000,25.54466
5121,THE CI EXP SPL,VARANASI CITY,BCY,204.0,NER,83.0141142,25.3341176
5121,THE CI EXP SPL,VARANASI JN,BSB,230.0,NER,82.986468,25.327281
5121,THE CI EXP SPL,BANARAS,BSBS,230.0,NER,,
5121,THE CI EXP SPL,MADHOSINGH,MBS,282.0,NER,82.552278,25.249931
5121,THE CI EXP SPL,GYANPUR ROAD,GYN,290.0,NER,82.4272883557,25.280144011
5121,THE CI EXP SPL,HANDIA KHAS,HDK,329.0,NER,82.18941,25.357472
5121,THE CI EXP SPL,JHUSI,JI,366.0,NER,81.91664400000000,25.431145
5121,THE CI EXP SPL,PRAYAGRAJ RAMBAGH,PRRB,367.0,NER,,
5121,THE CI EXP SPL,THAWE JN,THE,20.0,NER,84.394398,26.438991
5121,THE CI EXP SPL,GOPALGANJ,GOPG,26.0,NER,84.43554700000000,26.454202
5121,THE CI EXP SPL,MANJHAGARH,MJV,26.0,NER,84.504257,26.417226
5121,THE CI EXP SPL,RATAN SARAI,RTU,26.0,NER,84.573582,26.37354
5121,THE CI EXP SPL,SHER H,SHER,25.0,NER,84.628290531,26.3516649204
5121,THE CI EXP SPL,SIDHWALIA,SQW,25.0,NER,84.666995,26.333838
5121,THE CI EXP SPL,BRIJ KISHOR H,BKRH,25.0,NER,84.69461,26.31374
5121,THE CI EXP SPL,TRIVIKARAMDEO NAGAR H,TKND,25.0,NER,84.7089663623,26.3019109091
5121,THE CI EXP SPL,DIGHWA DUBAULI,DWDI,23.0,NER,84.7432486377,26.2652295458
5121,THE CI EXP SPL,KATALPUR H,KTLP,23.0,NER,84.7728427332,26.229288579
5121,THE CI EXP SPL,ALEHPUR HALT,APRH,23.0,NER,84.78898557980000,26.2094647257
5121,THE CI EXP SPL,RAJAPATTI,RPV,24.0,NER,84.80838331540000,26.1808149265
5121,THE CI EXP SPL,MASRAKH,MHC,27.0,NER,84.8085433154,26.1022287466
5121,THE CI EXP SPL,GUNRAJPUR DHAMA H,GNDM,26.0,NER,84.8211345959,26.0694493219
5121,THE CI EXP SPL,PARSA KERWAN HALT,PKRH,26.0,NER,84.8273760669,26.0536101381
5121,THE CI EXP SPL,SHAM KAURIA F,SMKR,25.0,NER,84.8330358765,26.0358164456
5121,THE CI EXP SPL,AGAUTHAR H,AGTR,24.0,NER,84.8437572205,26.0081455466
5121,THE CI EXP SPL,TERHA H,TERH,24.0,NER,84.8493670618,25.9956455252
5121,THE CI EXP SPL,MARHAURA,MEW,24.0,NER,84.850984,25.969081
5121,THE CI EXP SPL,SHILHAURI HALT,SLHI,23.0,NER,84.8337491992,25.9530212347
5121,THE CI EXP SPL,TEJPURWA H,TJW,23.0,NER,84.819703,25.940085
5121,THE CI EXP SPL,PATERHI,PEE,23.0,NER,84.80548800000000,25.923565
5121,THE CI EXP SPL,BANNI MAHAMMANPATTI H,BMPT,23.0,NER,84.778666,25.891285
5121,THE CI EXP SPL,KHAIRAH,KYH,26.0,NER,84.760114,25.861013
5121,THE CI EXP SPL,TENUA DUMARIA H,TMUR,25.0,NER,,
5121,THE CI EXP SPL,CHHAPRA KACHERI,CI,16.0,NER,84.74709500000000,25.785987
5122,CI THE EXP SPL,PRAYAGRAJ RAMBAGH,PRRB,37.0,NER,,
5122,CI THE EXP SPL,JHUSI,JI,37.0,NER,81.91664400000000,25.431145
5122,CI THE EXP SPL,HANDIA KHAS,HDK,48.0,NER,82.18941,25.357472
5122,CI THE EXP SPL,GYANPUR ROAD,GYN,49.0,NER,82.4272883557,25.280144011
5122,CI THE EXP SPL,MADHOSINGH,MBS,51.0,NER,82.552278,25.249931
5122,CI THE EXP SPL,BANARAS,BSBS,81.0,NER,,
5122,CI THE EXP SPL,VARANASI JN,BSB,92.0,NER,82.986468,25.327281
5122,CI THE EXP SPL,VARANASI CITY,BCY,93.0,NER,83.0141142,25.3341176
5122,CI THE EXP SPL,SARNATH,SRNT,73.0,NER,83.032634,25.375998
5122,CI THE EXP SPL,KADIPUR,KDQ,78.0,NER,83.09130300000000,25.44872
5122,CI THE EXP SPL,RAJAWARI,RJI,79.0,NER,83.130772,25.497689
5122,CI THE EXP SPL,AUNRIHAR JN,ARJ,104.0,NER,83.18727200000000,25.54466
5122,CI THE EXP SPL,SAIYEDPUR BHITRI,SYH,88.0,NER,83.23297400000000,25.539724
5122,CI THE EXP SPL,TARAON,TRN,89.0,NER,83.311179,25.526193
5122,CI THE EXP SPL,NANDGANJ,NDJ,90.0,NER,83.396867,25.54457
5122,CI THE EXP SPL,ANKUSPUR,AKS,92.0,NER,83.4940121521,25.5713190547
5122,CI THE EXP SPL,GHAZIPUR CITY,GCT,89.0,NER,83.568045,25.583144
5122,CI THE EXP SPL,GHAZIPUR GHAT F,GZT,92.0,NER,83.60480200000000,25.60028
5122,CI THE EXP SPL,YUSUFPUR,YFP,93.0,NER,83.74868400000000,25.639006
5122,CI THE EXP SPL,KARIMUDDIN PUR,KMDR,96.0,NER,83.860581,25.700369
5122,CI THE EXP SPL,CHIT BARAGAON,CBN,102.0,NER,84.00154,25.744109
5122,CI THE EXP SPL,PHEPHNA JN,PEP,104.0,NER,84.05132500000000,25.770309
5122,CI THE EXP SPL,BALLIA,BUI,102.0,NER,84.15312000000000,25.76057
5122,CI THE EXP SPL,MAHPUR,MHO,105.0,NER,83.246984,25.605166
5122,CI THE EXP SPL,SADAT,SDT,111.0,NER,83.308384,25.673309
5122,CI THE EXP SPL,HURMUJPUR H,HMPR,107.0,NER,83.35227500000000,25.721525
5122,CI THE EXP SPL,JAKHANIAN,JKN,111.0,NER,83.369563,25.740942
5122,CI THE EXP SPL,DULLAHAPUR,DLR,117.0,NER,83.423264,25.799898
5122,CI THE EXP SPL,NAYAK DIH H,NAKD,114.0,NER,83.466008,25.847026
5122,CI THE EXP SPL,PIPRI DIH,PPH,116.0,NER,83.500574,25.879046
5122,CI THE EXP SPL,PANIARA H,PNRA,114.0,NER,83.525851,25.902065
5122,CI THE EXP SPL,MAU JN,MAU,82.0,NER,83.564347,25.93948
5122,CI THE EXP SPL,INDARA JN,IAA,110.0,NER,83.61961100000000,25.987832
5122,CI THE EXP SPL,KOPAGANJ H,KPJ,110.0,NER,,
5122,CI THE EXP SPL,GHOSI,GSI,109.0,NER,,
5122,CI THE EXP SPL,AMILA H,AMD,108.0,NER,,
5122,CI THE EXP SPL,MURADPUR H,MRDP,107.0,NER,,
5122,CI THE EXP SPL,DOHRIGHAT,DIT,84.0,NER,,
5122,CI THE EXP SPL,CHHAPRA KACHERI,CI,0.0,NER,84.74709500000000,25.785987
5122,CI THE EXP SPL,TENUA DUMARIA H,TMUR,0.0,NER,,
5122,CI THE EXP SPL,KHAIRAH,KYH,4.0,NER,84.760114,25.861013
5122,CI THE EXP SPL,BANNI MAHAMMANPATTI H,BMPT,3.0,NER,84.778666,25.891285
5122,CI THE EXP SPL,PATERHI,PEE,3.0,NER,84.80548800000000,25.923565
5122,CI THE EXP SPL,TEJPURWA H,TJW,2.0,NER,84.819703,25.940085
5122,CI THE EXP SPL,SHILHAURI HALT,SLHI,2.0,NER,84.8337491992,25.9530212347
5122,CI THE EXP SPL,MARHAURA,MEW,3.0,NER,84.850984,25.969081
5122,CI THE EXP SPL,TERHA H,TERH,2.0,NER,84.8493670618,25.9956455252
5122,CI THE EXP SPL,AGAUTHAR H,AGTR,2.0,NER,84.8437572205,26.0081455466
5122,CI THE EXP SPL,SHAM KAURIA F,SMKR,4.0,NER,84.8330358765,26.0358164456
5122,CI THE EXP SPL,PARSA KERWAN HALT,PKRH,3.0,NER,84.8273760669,26.0536101381
5122,CI THE EXP SPL,GUNRAJPUR DHAMA H,GNDM,3.0,NER,84.8211345959,26.0694493219
5122,CI THE EXP SPL,MASRAKH,MHC,15.0,NER,84.8085433154,26.1022287466
5122,CI THE EXP SPL,RAJAPATTI,RPV,18.0,NER,84.80838331540000,26.1808149265
5122,CI THE EXP SPL,ALEHPUR HALT,APRH,18.0,NER,84.78898557980000,26.2094647257
5122,CI THE EXP SPL,KATALPUR H,KTLP,18.0,NER,84.7728427332,26.229288579
5122,CI THE EXP SPL,DIGHWA DUBAULI,DWDI,20.0,NER,84.7432486377,26.2652295458
5122,CI THE EXP SPL,TRIVIKARAMDEO NAGAR H,TKND,19.0,NER,84.7089663623,26.3019109091
5122,CI THE EXP SPL,BRIJ KISHOR H,BKRH,19.0,NER,84.69461,26.31374
5122,CI THE EXP SPL,SIDHWALIA,SQW,19.0,NER,84.666995,26.333838
5122,CI THE EXP SPL,SHER H,SHER,18.0,NER,84.628290531,26.3516649204
5122,CI THE EXP SPL,RATAN SARAI,RTU,20.0,NER,84.573582,26.37354
5122,CI THE EXP SPL,MANJHAGARH,MJV,22.0,NER,84.504257,26.417226
5122,CI THE EXP SPL,GOPALGANJ,GOPG,21.0,NER,84.43554700000000,26.454202
5122,CI THE EXP SPL,THAWE JN,THE,9.0,NER,84.394398,26.438991
5163,CI THE EXP SPL,CHHAPRA KACHERI,CI,6.0,NER,84.74709500000000,25.785987
5163,CI THE EXP SPL,CHHAPRA,CPR,53.0,NER,84.725004,25.78832
5163,CI THE EXP SPL,SURAIMANPUR,SIP,77.0,NER,84.48002200000000,25.80918
5163,CI THE EXP SPL,SAHATWAR,STW,78.0,NER,84.295491,25.827831
5163,CI THE EXP SPL,BANSDIH ROAD,BCD,85.0,NER,84.215238,25.8115832
5163,CI THE EXP SPL,BALLIA,BUI,79.0,NER,84.15312000000000,25.76057
5163,CI THE EXP SPL,PHEPHNA JN,PEP,84.0,NER,84.05132500000000,25.770309
5163,CI THE EXP SPL,CHIT BARAGAON,CBN,96.0,NER,84.00154,25.744109
5163,CI THE EXP SPL,KARIMUDDIN PUR,KMDR,96.0,NER,83.860581,25.700369
5163,CI THE EXP SPL,YUSUFPUR,YFP,94.0,NER,83.74868400000000,25.639006
5163,CI THE EXP SPL,GHAZIPUR CITY,GCT,100.0,NER,83.568045,25.583144
5163,CI THE EXP SPL,AUNRIHAR JN,ARJ,206.0,NER,83.18727200000000,25.54466
5163,CI THE EXP SPL,VARANASI CITY,BCY,286.0,NER,83.0141142,25.3341176
5163,CI THE EXP SPL,VARANASI JN,BSB,290.0,NER,82.986468,25.327281
5163,CI THE EXP SPL,BANARAS,BSBS,292.0,NER,,
5163,CI THE EXP SPL,MADHOSINGH,MBS,313.0,NER,82.552278,25.249931
5163,CI THE EXP SPL,GYANPUR ROAD,GYN,328.0,NER,82.4272883557,25.280144011
5163,CI THE EXP SPL,HANDIA KHAS,HDK,391.0,NER,82.18941,25.357472
5163,CI THE EXP SPL,JHUSI,JI,370.0,NER,81.91664400000000,25.431145
5163,CI THE EXP SPL,TENUA DUMARIA H,TMUR,1.0,NER,,
5163,CI THE EXP SPL,KHAIRAH,KYH,8.0,NER,84.760114,25.861013
5163,CI THE EXP SPL,BANNI MAHAMMANPATTI H,BMPT,4.0,NER,84.778666,25.891285
5163,CI THE EXP SPL,PATERHI,PEE,6.0,NER,84.80548800000000,25.923565
5163,CI THE EXP SPL,TEJPURWA H,TJW,3.0,NER,84.819703,25.940085
5163,CI THE EXP SPL,SHILHAURI HALT,SLHI,3.0,NER,84.8337491992,25.9530212347
5163,CI THE EXP SPL,MARHAURA,MEW,5.0,NER,84.850984,25.969081
5163,CI THE EXP SPL,TERHA H,TERH,1.0,NER,84.8493670618,25.9956455252
5163,CI THE EXP SPL,AGAUTHAR H,AGTR,1.0,NER,84.8437572205,26.0081455466
5163,CI THE EXP SPL,SHAM KAURIA F,SMKR,5.0,NER,84.8330358765,26.0358164456
5163,CI THE EXP SPL,PARSA KERWAN HALT,PKRH,3.0,NER,84.8273760669,26.0536101381
5163,CI THE EXP SPL,GUNRAJPUR DHAMA H,GNDM,3.0,NER,84.8211345959,26.0694493219
5163,CI THE EXP SPL,MASRAKH,MHC,5.0,NER,84.8085433154,26.1022287466
5163,CI THE EXP SPL,SAGHAR SULTANPUR H,SSHT,2.0,NER,,
5163,CI THE EXP SPL,BASANTPUR HALT,BNPH,1.0,NER,,
5163,CI THE EXP SPL,BARKAGAON HALT,BGHT,0.0,NER,,
5163,CI THE EXP SPL,SARHARI HALT,SHIH,0.0,NER,,
5163,CI THE EXP SPL,BISHUNPUR MAHUARI H,BPMH,0.0,NER,,
5163,CI THE EXP SPL,MAHARAJGANJ,MGZ,0.0,NER,,
5163,CI THE EXP SPL,DURAUNDHA JN,DDA,13.0,NER,84.45894600000000,26.086973
5163,CI THE EXP SPL,PACHRUKHI,PCK,11.0,NER,84.415667,26.162628
5163,CI THE EXP SPL,SIWAN JN,SV,8.0,NER,84.359267,26.210724
5163,CI THE EXP SPL,SIWAN KACHERI F,SVC,7.0,NER,84.34871700000000,26.226705
5163,CI THE EXP SPL,AMLORI SARSAR,ALS,6.0,NER,84.3455775659,26.2947140024
5163,CI THE EXP SPL,HATHUA,HTW,12.0,NER,84.3402527405,26.3689018769
5163,CI THE EXP SPL,THAWE JN,THE,6.0,NER,84.394398,26.438991
5163,CI THE EXP SPL,GOPALGANJ,GOPG,17.0,NER,84.43554700000000,26.454202
5163,CI THE EXP SPL,MANJHAGARH,MJV,17.0,NER,84.504257,26.417226
5163,CI THE EXP SPL,RATAN SARAI,RTU,16.0,NER,84.573582,26.37354
5163,CI THE EXP SPL,SIDHWALIA,SQW,15.0,NER,84.666995,26.333838
5163,CI THE EXP SPL,DIGHWA DUBAULI,DWDI,22.0,NER,84.7432486377,26.2652295458
5163,CI THE EXP SPL,RAJAPATTI,RPV,21.0,NER,84.80838331540000,26.1808149265
5164,THE CI EXP SPL,JHUSI,JI,60.0,NER,81.91664400000000,25.431145
5164,THE CI EXP SPL,HANDIA KHAS,HDK,70.0,NER,82.18941,25.357472
5164,THE CI EXP SPL,GYANPUR ROAD,GYN,71.0,NER,82.4272883557,25.280144011
5164,THE CI EXP SPL,MADHOSINGH,MBS,74.0,NER,82.552278,25.249931
5164,THE CI EXP SPL,BANARAS,BSBS,82.0,NER,,
5164,THE CI EXP SPL,VARANASI JN,BSB,87.0,NER,82.986468,25.327281
5164,THE CI EXP SPL,VARANASI CITY,BCY,84.0,NER,83.0141142,25.3341176
5164,THE CI EXP SPL,AUNRIHAR JN,ARJ,96.0,NER,83.18727200000000,25.54466
5164,THE CI EXP SPL,GHAZIPUR CITY,GCT,106.0,NER,83.568045,25.583144
5164,THE CI EXP SPL,YUSUFPUR,YFP,108.0,NER,83.74868400000000,25.639006
5164,THE CI EXP SPL,KARIMUDDIN PUR,KMDR,107.0,NER,83.860581,25.700369
5164,THE CI EXP SPL,CHIT BARAGAON,CBN,111.0,NER,84.00154,25.744109
5164,THE CI EXP SPL,PHEPHNA JN,PEP,112.0,NER,84.05132500000000,25.770309
5164,THE CI EXP SPL,BALLIA,BUI,104.0,NER,84.15312000000000,25.76057
5164,THE CI EXP SPL,BANSDIH ROAD,BCD,104.0,NER,84.215238,25.8115832
5164,THE CI EXP SPL,SAHATWAR,STW,104.0,NER,84.295491,25.827831
5164,THE CI EXP SPL,SURAIMANPUR,SIP,104.0,NER,84.48002200000000,25.80918
5164,THE CI EXP SPL,CHHAPRA,CPR,121.0,NER,84.725004,25.78832
5164,THE CI EXP SPL,THAWE JN,THE,23.0,NER,84.394398,26.438991
5164,THE CI EXP SPL,HATHUA,HTW,18.0,NER,84.3402527405,26.3689018769
5164,THE CI EXP SPL,AMLORI SARSAR,ALS,27.0,NER,84.3455775659,26.2947140024
5164,THE CI EXP SPL,SIWAN KACHERI F,SVC,27.0,NER,84.34871700000000,26.226705
5164,THE CI EXP SPL,SIWAN JN,SV,29.0,NER,84.359267,26.210724
5164,THE CI EXP SPL,PACHRUKHI,PCK,34.0,NER,84.415667,26.162628
5164,THE CI EXP SPL,DURAUNDHA JN,DDA,36.0,NER,84.45894600000000,26.086973
5164,THE CI EXP SPL,MAHARAJGANJ,MGZ,28.0,NER,,
5164,THE CI EXP SPL,BISHUNPUR MAHUARI H,BPMH,25.0,NER,,
5164,THE CI EXP SPL,SARHARI HALT,SHIH,22.0,NER,,
5164,THE CI EXP SPL,BARKAGAON HALT,BGHT,20.0,NER,,
5164,THE CI EXP SPL,BASANTPUR HALT,BNPH,18.0,NER,,
5164,THE CI EXP SPL,SAGHAR SULTANPUR H,SSHT,15.0,NER,,
5164,THE CI EXP SPL,MASRAKH,MHC,31.0,NER,84.8085433154,26.1022287466
5164,THE CI EXP SPL,RAJAPATTI,RPV,141.0,NER,84.80838331540000,26.1808149265
5164,THE CI EXP SPL,DIGHWA DUBAULI,DWDI,141.0,NER,84.7432486377,26.2652295458
5164,THE CI EXP SPL,SIDHWALIA,SQW,143.0,NER,84.666995,26.333838
5164,THE CI EXP SPL,RATAN SARAI,RTU,142.0,NER,84.573582,26.37354
5164,THE CI EXP SPL,MANJHAGARH,MJV,142.0,NER,84.504257,26.417226
5164,THE CI EXP SPL,GOPALGANJ,GOPG,143.0,NER,84.43554700000000,26.454202
5164,THE CI EXP SPL,GUNRAJPUR DHAMA H,GNDM,20.0,NER,84.8211345959,26.0694493219
5164,THE CI EXP SPL,PARSA KERWAN HALT,PKRH,21.0,NER,84.8273760669,26.0536101381
5164,THE CI EXP SPL,SHAM KAURIA F,SMKR,33.0,NER,84.8330358765,26.0358164456
5164,THE CI EXP SPL,AGAUTHAR H,AGTR,22.0,NER,84.8437572205,26.0081455466
5164,THE CI EXP SPL,TERHA H,TERH,22.0,NER,84.8493670618,25.9956455252
5164,THE CI EXP SPL,MARHAURA,MEW,34.0,NER,84.850984,25.969081
5164,THE CI EXP SPL,SHILHAURI HALT,SLHI,22.0,NER,84.8337491992,25.9530212347
5164,THE CI EXP SPL,TEJPURWA H,TJW,22.0,NER,84.819703,25.940085
5164,THE CI EXP SPL,PATERHI,PEE,32.0,NER,84.80548800000000,25.923565
5164,THE CI EXP SPL,BANNI MAHAMMANPATTI H,BMPT,23.0,NER,84.778666,25.891285
5164,THE CI EXP SPL,KHAIRAH,KYH,30.0,NER,84.760114,25.861013
5164,THE CI EXP SPL,TENUA DUMARIA H,TMUR,20.0,NER,,
5164,THE CI EXP SPL,CHHAPRA KACHERI,CI,21.0,NER,84.74709500000000,25.785987
5311,BC PBE DEMU SPL,JHUSI,JI,127.0,NER,81.91664400000000,25.431145
5311,BC PBE DEMU SPL,BANARAS,BSBS,175.0,NER,,
5311,BC PBE DEMU SPL,VARANASI JN,BSB,185.0,NER,82.986468,25.327281
5311,BC PBE DEMU SPL,VARANASI CITY,BCY,185.0,NER,83.0141142,25.3341176
5311,BC PBE DEMU SPL,MAU JN,MAU,203.0,NER,83.564347,25.93948
5311,BC PBE DEMU SPL,BHATNI JN,BTT,252.0,NER,83.934035,26.381257
5311,BC PBE DEMU SPL,DEORIA SADAR,DEOS,257.0,NER,83.7819590961,26.5076811676
5311,BC PBE DEMU SPL,GORAKHPUR JN,GKP,295.0,NER,83.381499,26.759311
5311,BC PBE DEMU SPL,BASTI,BST,292.0,NER,82.77005900000000,26.815678
5311,BC PBE DEMU SPL,GONDA JN,GD,373.0,NER,81.97815200000000,27.154613
5311,BC PBE DEMU SPL,SITAPUR,STP,387.0,NER,80.697762,27.558728
5311,BC PBE DEMU SPL,LAKHIMPUR,LMP,400.0,NER,80.777625,27.947414
5311,BC PBE DEMU SPL,GOLA GOKARANATH,GK,375.0,NER,80.475468,28.084651
5311,BC PBE DEMU SPL,MAILANI,MLN,399.0,NER,80.347318,28.284349
5311,BC PBE DEMU SPL,PURANPUR,PP,383.0,NER,80.150951,28.514911
5311,BC PBE DEMU SPL,BAREILLY CITY,BC,3.0,NER,79.403718,28.3556564
5311,BC PBE DEMU SPL,IZZATNAGAR,IZN,9.0,NER,79.421171,28.388266
5311,BC PBE DEMU SPL,DOHNA,DOX,13.0,NER,79.432729,28.434064
5311,BC PBE DEMU SPL,BHOJIPURA JN,BPR,64.0,NER,79.44724,28.4939826
5311,BC PBE DEMU SPL,BAHERI,BHI,386.0,NER,79.5003221,28.777391
5311,BC PBE DEMU SPL,KICHHA,KHH,385.0,NER,79.519746,28.913427
5311,BC PBE DEMU SPL,LAL KUAN,LKU,360.0,NER,79.517641,29.071574
5311,BC PBE DEMU SPL,HALDWANI,HDW,359.0,NER,79.533732,29.215097
5311,BC PBE DEMU SPL,KATHGODAM,KGM,354.0,NER,79.54633,29.266583
5311,BC PBE DEMU SPL,DIBNAPUR H,DBNR,9.0,NER,79.51619,28.524363
5311,BC PBE DEMU SPL,SAITHAL H,STH,5.0,NER,79.56736600000000,28.543189
5311,BC PBE DEMU SPL,BIJAURIA,BJV,6.0,NER,79.65527400000000,28.574785
5311,BC PBE DEMU SPL,SHAHI,SSC,10.0,NER,79.69100300000000,28.588173
5311,BC PBE DEMU SPL,LALAURI KHERA,LUA,9.0,NER,79.74624300000000,28.607969
5311,BC PBE DEMU SPL,PILIBHIT JN,PBE,53.0,NER,79.813946,28.614978
5312,PBE BS DEMU SPL,KATHGODAM,KGM,56.0,NER,79.54633,29.266583
5312,PBE BS DEMU SPL,HALDWANI,HDW,64.0,NER,79.533732,29.215097
5312,PBE BS DEMU SPL,LAL KUAN,LKU,80.0,NER,79.517641,29.071574
5312,PBE BS DEMU SPL,KICHHA,KHH,86.0,NER,79.519746,28.913427
5312,PBE BS DEMU SPL,BAHERI,BHI,96.0,NER,79.5003221,28.777391
5312,PBE BS DEMU SPL,PILIBHIT JN,PBE,9.0,NER,79.813946,28.614978
5312,PBE BS DEMU SPL,PURANPUR,PP,55.0,NER,80.150951,28.514911
5312,PBE BS DEMU SPL,MAILANI,MLN,58.0,NER,80.347318,28.284349
5312,PBE BS DEMU SPL,GOLA GOKARANATH,GK,96.0,NER,80.475468,28.084651
5312,PBE BS DEMU SPL,LAKHIMPUR,LMP,113.0,NER,80.777625,27.947414
5312,PBE BS DEMU SPL,SITAPUR,STP,74.0,NER,80.697762,27.558728
5312,PBE BS DEMU SPL,GONDA JN,GD,134.0,NER,81.97815200000000,27.154613
5312,PBE BS DEMU SPL,BASTI,BST,123.0,NER,82.77005900000000,26.815678
5312,PBE BS DEMU SPL,GORAKHPUR JN,GKP,103.0,NER,83.381499,26.759311
5312,PBE BS DEMU SPL,DEORIA SADAR,DEOS,136.0,NER,83.7819590961,26.5076811676
5312,PBE BS DEMU SPL,BHATNI JN,BTT,145.0,NER,83.934035,26.381257
5312,PBE BS DEMU SPL,MAU JN,MAU,178.0,NER,83.564347,25.93948
5312,PBE BS DEMU SPL,VARANASI CITY,BCY,204.0,NER,83.0141142,25.3341176
5312,PBE BS DEMU SPL,VARANASI JN,BSB,222.0,NER,82.986468,25.327281
5312,PBE BS DEMU SPL,BANARAS,BSBS,233.0,NER,,
5312,PBE BS DEMU SPL,JHUSI,JI,304.0,NER,81.91664400000000,25.431145
5312,PBE BS DEMU SPL,SHAHI,SSC,4.0,NER,79.69100300000000,28.588173
5312,PBE BS DEMU SPL,BIJAURIA,BJV,4.0,NER,79.65527400000000,28.574785
5312,PBE BS DEMU SPL,SAITHAL H,STH,20.0,NER,79.56736600000000,28.543189
5312,PBE BS DEMU SPL,BHOJIPURA JN,BPR,25.0,NER,79.44724,28.4939826
5312,PBE BS DEMU SPL,IZZATNAGAR,IZN,12.0,NER,79.421171,28.388266
5312,PBE BS DEMU SPL,BAREILLY CITY,BC,3.0,NER,79.403718,28.3556564
5483,MAHANANDA SPL,,nan,,,,
5509,SHC JMP MEMU SPL,SAHARSA JN,SHC,10.0,ECR,86.594953,25.875208
5509,SHC JMP MEMU SPL,PARMINIYA H,PMYA,9.0,ECR,86.59504241880000,25.8265625908
5509,SHC JMP MEMU SPL,SONBARSA KCHERI,SBM,18.0,ECR,86.59565906430000,25.7938081327
5509,SHC JMP MEMU SPL,BABA RAGHUNI HALT DWARIKA,BRHD,16.0,ECR,86.5967982178,25.7600467439
5509,SHC JMP MEMU SPL,S BHAKHTIYARPUR,SBV,19.0,ECR,86.5973840167,25.7208597875
5509,SHC JMP MEMU SPL,KOPARIA,KFA,26.0,ECR,86.59816,25.661041
5509,SHC JMP MEMU SPL,FUNGO H,FNO,25.0,ECR,86.6044763025,25.6187302859
5509,SHC JMP MEMU SPL,DHAMARA GHAT,DHT,32.0,ECR,86.599522,25.590821
5509,SHC JMP MEMU SPL,BADLA GHAT,BHB,51.0,ECR,86.5871439,25.5537629
5509,SHC JMP MEMU SPL,MANSI JN,MNE,58.0,ECR,86.554446,25.509398
5509,SHC JMP MEMU SPL,KHAGARIA JN,KGG,65.0,ECR,86.46525100000000,25.505891
5509,SHC JMP MEMU SPL,UMESHNAGAR,UMNR,71.0,ECR,86.431195,25.461085
5509,SHC JMP MEMU SPL,SABDALPUR JN,SBDP,69.0,ECR,,
5509,SHC JMP MEMU SPL,MONGHYR,MGR,57.0,ECR,,
5509,SHC JMP MEMU SPL,JAMALPUR JN,JMP,52.0,ECR,86.492285,25.313906
5510,JMP SHC MEMU SPL,JAMALPUR JN,JMP,28.0,ECR,86.492285,25.313906
5510,JMP SHC MEMU SPL,MONGHYR,MGR,25.0,ECR,,
5510,JMP SHC MEMU SPL,SABDALPUR JN,SBDP,23.0,ECR,,
5510,JMP SHC MEMU SPL,UMESHNAGAR,UMNR,34.0,ECR,86.431195,25.461085
5510,JMP SHC MEMU SPL,KHAGARIA JN,KGG,38.0,ECR,86.46525100000000,25.505891
5510,JMP SHC MEMU SPL,MANSI JN,MNE,34.0,ECR,86.554446,25.509398
5510,JMP SHC MEMU SPL,BADLA GHAT,BHB,44.0,ECR,86.5871439,25.5537629
5510,JMP SHC MEMU SPL,DHAMARA GHAT,DHT,47.0,ECR,86.599522,25.590821
5510,JMP SHC MEMU SPL,FUNGO H,FNO,47.0,ECR,86.6044763025,25.6187302859
5510,JMP SHC MEMU SPL,KOPARIA,KFA,44.0,ECR,86.59816,25.661041
5510,JMP SHC MEMU SPL,S BHAKHTIYARPUR,SBV,47.0,ECR,86.5973840167,25.7208597875
5510,JMP SHC MEMU SPL,BABA RAGHUNI HALT DWARIKA,BRHD,46.0,ECR,86.5967982178,25.7600467439
5510,JMP SHC MEMU SPL,SONBARSA KCHERI,SBM,55.0,ECR,86.59565906430000,25.7938081327
5510,JMP SHC MEMU SPL,PARMINIYA H,PMYA,54.0,ECR,86.59504241880000,25.8265625908
5510,JMP SHC MEMU SPL,SAHARSA JN,SHC,38.0,ECR,86.594953,25.875208
5909,DBRG LGH EXPRESS,,nan,,,,
6269,MYS SMVB EXP SPL,MYSORE JN,MYS,8.0,SWR,76.646013,12.318946
6269,MYS SMVB EXP SPL,NAGANAHALLI,NHY,10.0,SWR,76.651081,12.380243
6269,MYS SMVB EXP SPL,SHRIRANGAPATNA,S,10.0,SWR,76.678033,12.4247
6269,MYS SMVB EXP SPL,PANDAVAPURA,PANP,12.0,SWR,76.681387,12.463018
6269,MYS SMVB EXP SPL,CHANDRAGIRI KOPPAL H,CGKR,10.0,SWR,76.730177,12.485167
6269,MYS SMVB EXP SPL,BYADARAHALLI,BDRL,12.0,SWR,76.7520832336,12.5019534049
6269,MYS SMVB EXP SPL,MANDYA,MYA,17.0,SWR,76.897256,12.529176
6269,MYS SMVB EXP SPL,MADDUR,MAD,18.0,SWR,77.049522,12.604742
6269,MYS SMVB EXP SPL,CHANNAPATNA,CPT,16.0,SWR,77.203824,12.659673
6269,MYS SMVB EXP SPL,RAMANAGARAM,RMGM,16.0,SWR,77.283451,12.720096
6269,MYS SMVB EXP SPL,BIDADI,BID,16.0,SWR,77.39029840000000,12.8004252
6269,MYS SMVB EXP SPL,KENGERI,KGI,20.0,SWR,77.48431,12.918047
6269,MYS SMVB EXP SPL,KSR BANGALORE CY JN,SBC,11.0,SWR,77.56808300000000,12.977595
6269,MYS SMVB EXP SPL,BANGALORE CANT,BNC,10.0,SWR,77.59932690000000,12.9936735
6270,SMVB MYS EXP SPL,SMVT BENGALURU,SMVB,19.0,SWR,77.6418,13.0006
6270,SMVB MYS EXP SPL,BANGALORE CANT,BNC,30.0,SWR,77.59932690000000,12.9936735
6270,SMVB MYS EXP SPL,KSR BANGALORE CY JN,SBC,35.0,SWR,77.56808300000000,12.977595
6270,SMVB MYS EXP SPL,KENGERI,KGI,36.0,SWR,77.48431,12.918047
6270,SMVB MYS EXP SPL,BIDADI,BID,35.0,SWR,77.39029840000000,12.8004252
6270,SMVB MYS EXP SPL,RAMANAGARAM,RMGM,32.0,SWR,77.283451,12.720096
6270,SMVB MYS EXP SPL,CHANNAPATNA,CPT,29.0,SWR,77.203824,12.659673
6270,SMVB MYS EXP SPL,MADDUR,MAD,29.0,SWR,77.049522,12.604742
6270,SMVB MYS EXP SPL,MANDYA,MYA,27.0,SWR,76.897256,12.529176
6270,SMVB MYS EXP SPL,BYADARAHALLI,BDRL,16.0,SWR,76.7520832336,12.5019534049
6270,SMVB MYS EXP SPL,CHANDRAGIRI KOPPAL H,CGKR,16.0,SWR,76.730177,12.485167
6270,SMVB MYS EXP SPL,PANDAVAPURA,PANP,18.0,SWR,76.681387,12.463018
6270,SMVB MYS EXP SPL,SHRIRANGAPATNA,S,17.0,SWR,76.678033,12.4247
6270,SMVB MYS EXP SPL,NAGANAHALLI,NHY,20.0,SWR,76.651081,12.380243
6270,SMVB MYS EXP SPL,MYSORE JN,MYS,8.0,SWR,76.646013,12.318946
6509,SBC DNR HUMSAFAR,KSR BANGALORE CY JN,SBC,2.0,SWR,77.56808300000000,12.977595
6509,SBC DNR HUMSAFAR,KRISHNARAJAPURM,KJM,15.0,SWR,77.674016,13.000534
6509,SBC DNR HUMSAFAR,JOLARPETTAI,JTJ,7.0,SWR,78.57782000000000,12.560852
6509,SBC DNR HUMSAFAR,KATPADI JN,KPD,3.0,SWR,79.13534100000000,12.972734
6509,SBC DNR HUMSAFAR,ARAKKONAM,AJJ,13.0,SWR,79.667991,13.081512
6509,SBC DNR HUMSAFAR,PERAMBUR,PER,23.0,SWR,80.24453300000000,13.10702
6509,SBC DNR HUMSAFAR,VIJAYAWADA JN,BZA,70.0,SWR,80.61864800000000,16.518262
6509,SBC DNR HUMSAFAR,WARANGAL,WL,180.0,SWR,79.604929,17.972477
6509,SBC DNR HUMSAFAR,BALHARSHAH,BPQ,204.0,SWR,79.3485858,19.8490173
6509,SBC DNR HUMSAFAR,NAGPUR,NGP,244.0,SWR,79.089004,21.153567
6509,SBC DNR HUMSAFAR,ITARSI JN,ET,206.0,SWR,77.767128,22.608258
6509,SBC DNR HUMSAFAR,JABALPUR,JBP,265.0,SWR,79.950919,23.164636
6509,SBC DNR HUMSAFAR,SATNA,STA,335.0,SWR,80.827717,24.568619
6509,SBC DNR HUMSAFAR,PRAYAGRAJ CHHEOKI,PCOI,297.0,SWR,,
6509,SBC DNR HUMSAFAR,PT DEEN DAYAL UPADHYAY JN,DDU,214.0,SWR,,
6509,SBC DNR HUMSAFAR,ARA,ARA,210.0,SWR,84.66259600000000,25.548889
6509,SBC DNR HUMSAFAR,DANAPUR,DNR,213.0,SWR,85.044629,25.581921
6510,DNR SBC HUMSAFAR,DANAPUR,DNR,97.0,SWR,85.044629,25.581921
6510,DNR SBC HUMSAFAR,ARA,ARA,121.0,SWR,84.66259600000000,25.548889
6510,DNR SBC HUMSAFAR,PT DEEN DAYAL UPADHYAY JN,DDU,155.0,SWR,,
6510,DNR SBC HUMSAFAR,PRAYAGRAJ CHHEOKI,PCOI,180.0,SWR,,
6510,DNR SBC HUMSAFAR,SATNA,STA,200.0,SWR,80.827717,24.568619
6510,DNR SBC HUMSAFAR,JABALPUR,JBP,262.0,SWR,79.950919,23.164636
6510,DNR SBC HUMSAFAR,ITARSI JN,ET,272.0,SWR,77.767128,22.608258
6510,DNR SBC HUMSAFAR,NAGPUR,NGP,258.0,SWR,79.089004,21.153567
6510,DNR SBC HUMSAFAR,BALHARSHAH,BPQ,295.0,SWR,79.3485858,19.8490173
6510,DNR SBC HUMSAFAR,WARANGAL,WL,353.0,SWR,79.604929,17.972477
6510,DNR SBC HUMSAFAR,VIJAYAWADA JN,BZA,361.0,SWR,80.61864800000000,16.518262
6510,DNR SBC HUMSAFAR,PERAMBUR,PER,401.0,SWR,80.24453300000000,13.10702
6510,DNR SBC HUMSAFAR,ARAKKONAM,AJJ,408.0,SWR,79.667991,13.081512
6510,DNR SBC HUMSAFAR,KATPADI JN,KPD,415.0,SWR,79.13534100000000,12.972734
6510,DNR SBC HUMSAFAR,JOLARPETTAI,JTJ,372.0,SWR,78.57782000000000,12.560852
6510,DNR SBC HUMSAFAR,KSR BANGALORE CY JN,SBC,322.0,SWR,77.56808300000000,12.977595
6525,SBC MYS MEMU SPL,KSR BANGALORE CY JN,SBC,3.0,SWR,77.56808300000000,12.977595
6525,SBC MYS MEMU SPL,NAYANDAHALLI,NYH,4.0,SWR,77.520696,12.941162
6525,SBC MYS MEMU SPL,KENGERI,KGI,5.0,SWR,77.48431,12.918047
6525,SBC MYS MEMU SPL,BIDADI,BID,6.0,SWR,77.39029840000000,12.8004252
6525,SBC MYS MEMU SPL,RAMANAGARAM,RMGM,7.0,SWR,77.283451,12.720096
6525,SBC MYS MEMU SPL,CHANNAPATNA,CPT,6.0,SWR,77.203824,12.659673
6525,SBC MYS MEMU SPL,MADDUR,MAD,5.0,SWR,77.049522,12.604742
6525,SBC MYS MEMU SPL,MANDYA,MYA,4.0,SWR,76.897256,12.529176
6525,SBC MYS MEMU SPL,PANDAVAPURA,PANP,3.0,SWR,76.681387,12.463018
6525,SBC MYS MEMU SPL,SHRIRANGAPATNA,S,2.0,SWR,76.678033,12.4247
6525,SBC MYS MEMU SPL,CHAMARAJAPURAM,CMJ,6.0,SWR,76.637861,12.29844
6525,SBC MYS MEMU SPL,ASHOKAPURAM,AP,4.0,SWR,76.635315,12.273762
6526,MYS SBC MEMU SPL,ASHOKAPURAM,AP,0.0,SWR,76.635315,12.273762
6526,MYS SBC MEMU SPL,CHAMARAJAPURAM,CMJ,0.0,SWR,76.637861,12.29844
6526,MYS SBC MEMU SPL,MYSORE JN,MYS,1.0,SWR,76.646013,12.318946
6526,MYS SBC MEMU SPL,SHRIRANGAPATNA,S,1.0,SWR,76.678033,12.4247
6526,MYS SBC MEMU SPL,PANDAVAPURA,PANP,1.0,SWR,76.681387,12.463018
6526,MYS SBC MEMU SPL,MANDYA,MYA,9.0,SWR,76.897256,12.529176
6526,MYS SBC MEMU SPL,MADDUR,MAD,7.0,SWR,77.049522,12.604742
6526,MYS SBC MEMU SPL,CHANNAPATNA,CPT,9.0,SWR,77.203824,12.659673
6526,MYS SBC MEMU SPL,RAMANAGARAM,RMGM,6.0,SWR,77.283451,12.720096
6526,MYS SBC MEMU SPL,BIDADI,BID,6.0,SWR,77.39029840000000,12.8004252
6526,MYS SBC MEMU SPL,KENGERI,KGI,15.0,SWR,77.48431,12.918047
6526,MYS SBC MEMU SPL,NAYANDAHALLI,NYH,19.0,SWR,77.520696,12.941162
7029,AGTL SC SPECIAL,AGARTALA,AGTL,41.0,SCR,91.278481,23.792417
7029,AGTL SC SPECIAL,AMBASA,ABSA,66.0,SCR,91.860783,23.930507
7029,AGTL SC SPECIAL,DHARMANAGAR,DMR,60.0,SCR,92.16824700000000,24.366946
7029,AGTL SC SPECIAL,NEW KARIMGANJ,NKMG,87.0,SCR,92.3943808116131,24.8433689098397
7029,AGTL SC SPECIAL,BADARPUR JN,BPB,102.0,SCR,92.5563227,24.8651775
7029,AGTL SC SPECIAL,NEW HAFLONG,NHLG,108.0,SCR,93.0319,25.1481
7029,AGTL SC SPECIAL,GUWAHATI,GHY,163.0,SCR,91.751851,26.182635
7029,AGTL SC SPECIAL,KAMAKHYA,KYQ,159.0,SCR,91.689505,26.156154
7029,AGTL SC SPECIAL,NEW BONGAIGAON,NBQ,167.0,SCR,90.53684346440000,26.4758354405
7029,AGTL SC SPECIAL,NEW ALIPURDAUR,NOQ,211.0,SCR,89.541398,26.48572
7029,AGTL SC SPECIAL,NEW COOCH BEHAR,NCB,244.0,SCR,89.469766,26.353159
7029,AGTL SC SPECIAL,JALPAIGURI ROAD,JPE,265.0,SCR,88.70945300000000,26.559017
7029,AGTL SC SPECIAL,NEW JALPAIGURI,NJP,278.0,SCR,88.443391,26.683025
7029,AGTL SC SPECIAL,KISHANGANJ,KNE,300.0,SCR,87.949657,26.097746
7029,AGTL SC SPECIAL,MALDA TOWN,MLDT,341.0,SCR,88.130338,25.015659
7029,AGTL SC SPECIAL,RAMPUR HAT,RPH,376.0,SCR,87.78214700000000,24.179797
7029,AGTL SC SPECIAL,BOLPUR S NIKTN,BHP,238.0,SCR,87.698136,23.657804
7029,AGTL SC SPECIAL,BARDDHAMAN JN,BWN,215.0,SCR,87.87028100000000,23.249718
7029,AGTL SC SPECIAL,DANKUNI,DKAE,406.0,SCR,88.291491,22.677422
7029,AGTL SC SPECIAL,KHARAGPUR JN,KGP,445.0,SCR,87.32845600000000,22.341432
7029,AGTL SC SPECIAL,BALASORE,BLS,468.0,SCR,86.91958200000000,21.500521
7029,AGTL SC SPECIAL,BHADRAKH,BHC,455.0,SCR,86.5162305,21.0917458
7029,AGTL SC SPECIAL,CUTTACK,CTC,505.0,SCR,85.90156,20.466588
7029,AGTL SC SPECIAL,BHUBANESWAR,BBS,517.0,SCR,85.84259500000000,20.265388
7029,AGTL SC SPECIAL,KHURDA ROAD JN,KUR,467.0,SCR,85.70823400000000,20.153076
7029,AGTL SC SPECIAL,BRAHMAPUR,BAM,562.0,SCR,84.7966912,19.2961348
7029,AGTL SC SPECIAL,SRIKAKULAM ROAD,CHE,484.0,SCR,83.903771,18.408679
7029,AGTL SC SPECIAL,VIZIANAGRAM JN,VZM,504.0,SCR,83.39558600000000,18.111374
7029,AGTL SC SPECIAL,KOTTAVALASA,KTV,420.0,SCR,83.18510000000000,17.892375
7029,AGTL SC SPECIAL,PENDURTI,PDT,421.0,SCR,83.195211,17.813498
7029,AGTL SC SPECIAL,DUVVADA,DVD,495.0,SCR,83.152059,17.703843
7029,AGTL SC SPECIAL,RAJAMUNDRY,RJY,557.0,SCR,81.783901,16.984159
7029,AGTL SC SPECIAL,VIJAYAWADA JN,BZA,570.0,SCR,80.61864800000000,16.518262
7029,AGTL SC SPECIAL,GUNTUR JN,GNT,581.0,SCR,80.44197300000000,16.300784
7029,AGTL SC SPECIAL,SECUNDERABAD JN,SC,538.0,SCR,78.50148100000000,17.433147
7030,SC AGTL SPL,SECUNDERABAD JN,SC,106.0,SCR,78.50148100000000,17.433147
7030,SC AGTL SPL,GUNTUR JN,GNT,192.0,SCR,80.44197300000000,16.300784
7030,SC AGTL SPL,VIJAYAWADA JN,BZA,238.0,SCR,80.61864800000000,16.518262
7030,SC AGTL SPL,RAJAMUNDRY,RJY,316.0,SCR,81.783901,16.984159
7030,SC AGTL SPL,DUVVADA,DVD,338.0,SCR,83.152059,17.703843
7030,SC AGTL SPL,PENDURTI,PDT,349.0,SCR,83.195211,17.813498
7030,SC AGTL SPL,KOTTAVALASA,KTV,353.0,SCR,83.18510000000000,17.892375
7030,SC AGTL SPL,VIZIANAGRAM JN,VZM,353.0,SCR,83.39558600000000,18.111374
7030,SC AGTL SPL,SRIKAKULAM ROAD,CHE,374.0,SCR,83.903771,18.408679
7030,SC AGTL SPL,PALASA,PSA,380.0,SCR,84.42209100000000,18.756782
7030,SC AGTL SPL,BRAHMAPUR,BAM,409.0,SCR,84.7966912,19.2961348
7030,SC AGTL SPL,KHURDA ROAD JN,KUR,438.0,SCR,85.70823400000000,20.153076
7030,SC AGTL SPL,BHUBANESWAR,BBS,441.0,SCR,85.84259500000000,20.265388
7030,SC AGTL SPL,CUTTACK,CTC,457.0,SCR,85.90156,20.466588
7030,SC AGTL SPL,JAJPUR K ROAD,JJKR,507.0,SCR,86.132518,20.943544
7030,SC AGTL SPL,BHADRAKH,BHC,474.0,SCR,86.5162305,21.0917458
7030,SC AGTL SPL,BALASORE,BLS,504.0,SCR,86.91958200000000,21.500521
7030,SC AGTL SPL,KHARAGPUR JN,KGP,545.0,SCR,87.32845600000000,22.341432
7030,SC AGTL SPL,ANDUL,ADL,628.0,SCR,88.239643,22.575169
7030,SC AGTL SPL,DANKUNI,DKAE,603.0,SCR,88.291491,22.677422
7030,SC AGTL SPL,BARDDHAMAN JN,BWN,667.0,SCR,87.87028100000000,23.249718
7030,SC AGTL SPL,BOLPUR S NIKTN,BHP,681.0,SCR,87.698136,23.657804
7030,SC AGTL SPL,RAMPUR HAT,RPH,672.0,SCR,87.78214700000000,24.179797
7030,SC AGTL SPL,MALDA TOWN,MLDT,681.0,SCR,88.130338,25.015659
7030,SC AGTL SPL,KISHANGANJ,KNE,729.0,SCR,87.949657,26.097746
7030,SC AGTL SPL,NEW JALPAIGURI,NJP,726.0,SCR,88.443391,26.683025
7030,SC AGTL SPL,JALPAIGURI ROAD,JPE,734.0,SCR,88.70945300000000,26.559017
7030,SC AGTL SPL,NEW COOCH BEHAR,NCB,797.0,SCR,89.469766,26.353159
7030,SC AGTL SPL,NEW ALIPURDAUR,NOQ,832.0,SCR,89.541398,26.48572
7030,SC AGTL SPL,NEW BONGAIGAON,NBQ,891.0,SCR,90.53684346440000,26.4758354405
7030,SC AGTL SPL,KAMAKHYA,KYQ,857.0,SCR,91.689505,26.156154
7030,SC AGTL SPL,GUWAHATI,GHY,870.0,SCR,91.751851,26.182635
7030,SC AGTL SPL,NEW HAFLONG,NHLG,909.0,SCR,93.0319,25.1481
7030,SC AGTL SPL,BADARPUR JN,BPB,909.0,SCR,92.5563227,24.8651775
7030,SC AGTL SPL,NEW KARIMGANJ,NKMG,934.0,SCR,92.3943808116131,24.8433689098397
7030,SC AGTL SPL,DHARMANAGAR,DMR,927.0,SCR,92.16824700000000,24.366946
7030,SC AGTL SPL,AMBASA,ABSA,926.0,SCR,91.860783,23.930507
7030,SC AGTL SPL,AGARTALA,AGTL,905.0,SCR,91.278481,23.792417
7321,SUR DWR PASS SPL,SOLAPUR JN,SUR,14.0,SWR,75.893401,17.664496
7321,SUR DWR PASS SPL,TIKEKARWADI,TKWD,16.0,SWR,75.933458,17.614967
7321,SUR DWR PASS SPL,HOTGI,HG,21.0,SWR,75.989943,17.565668
7321,SUR DWR PASS SPL,LACHYAN,LHN,28.0,SWR,75.9717014606,17.2795737583
7321,SUR DWR PASS SPL,INDI ROAD,IDR,30.0,SWR,75.919616,17.211289
7321,SUR DWR PASS SPL,VIJAYAPURA,BJP,24.0,SWR,75.7400012,16.8310603
7321,SUR DWR PASS SPL,MULVAD,MVD,31.0,SWR,75.746926,16.620372
7321,SUR DWR PASS SPL,BAGEVADI RD,BSRX,33.0,SWR,75.82814753,16.47986853
7321,SUR DWR PASS SPL,ALMATTI,LMT,54.0,SWR,75.90050000000000,16.3459
7321,SUR DWR PASS SPL,JADRAMA KUNTI,JRKT,62.0,SWR,75.83866138550000,16.2842670722
7321,SUR DWR PASS SPL,MANGELA,MGL,62.0,SWR,75.74938300000000,16.223191
7321,SUR DWR PASS SPL,BAGALKOT,BGK,62.0,SWR,75.7002383,16.1787931
7321,SUR DWR PASS SPL,GULEDAGUDDA RD,GED,69.0,SWR,75.69565900000000,16.069516
7321,SUR DWR PASS SPL,BADAMI,BDM,71.0,SWR,75.6767002,15.958918
7321,SUR DWR PASS SPL,LAKHMAPUR,LKY,64.0,SWR,75.627712,15.870282
7321,SUR DWR PASS SPL,HOLE ALUR,HLAR,69.0,SWR,75.64646100000000,15.81959
7321,SUR DWR PASS SPL,MALLAPUR,MLP,68.0,SWR,75.610219,15.672447
7321,SUR DWR PASS SPL,BALGANUR,BLR,64.0,SWR,75.60251865000000,15.59262851
7321,SUR DWR PASS SPL,HOMBAL,HBL,58.0,SWR,75.576122,15.520136
7321,SUR DWR PASS SPL,GADAG JN,GDG,50.0,SWR,75.642481,15.437048
7321,SUR DWR PASS SPL,HULKOTI,LKT,50.0,SWR,75.531958,15.434667
7321,SUR DWR PASS SPL,ANNIGERI,NGR,51.0,SWR,75.43085100000000,15.432164
7321,SUR DWR PASS SPL,SISVINHALLI,SVHE,32.0,SWR,75.3193615509,15.4300360491
7321,SUR DWR PASS SPL,HEBSUR,HBS,46.0,SWR,75.283878,15.42206
7321,SUR DWR PASS SPL,KUSUGALI,KUG,49.0,SWR,75.233643,15.392095
7321,SUR DWR PASS SPL,HUBBALLI JN,UBL,25.0,SWR,75.148104,15.350302
7321,SUR DWR PASS SPL,DHARWAR,DWR,11.0,SWR,75.004552,15.440386
7322,DWR SUR PASS SPL,DHARWAR,DWR,3.0,SWR,75.004552,15.440386
7322,DWR SUR PASS SPL,HUBBALLI JN,UBL,7.0,SWR,75.148104,15.350302
7322,DWR SUR PASS SPL,KUSUGALI,KUG,15.0,SWR,75.233643,15.392095
7322,DWR SUR PASS SPL,HEBSUR,HBS,18.0,SWR,75.283878,15.42206
7322,DWR SUR PASS SPL,SISVINHALLI,SVHE,17.0,SWR,75.3193615509,15.4300360491
7322,DWR SUR PASS SPL,ANNIGERI,NGR,23.0,SWR,75.43085100000000,15.432164
7322,DWR SUR PASS SPL,HULKOTI,LKT,25.0,SWR,75.531958,15.434667
7322,DWR SUR PASS SPL,GADAG JN,GDG,37.0,SWR,75.642481,15.437048
7322,DWR SUR PASS SPL,HOMBAL,HBL,39.0,SWR,75.576122,15.520136
7322,DWR SUR PASS SPL,BALGANUR,BLR,40.0,SWR,75.60251865000000,15.59262851
7322,DWR SUR PASS SPL,MALLAPUR,MLP,38.0,SWR,75.610219,15.672447
7322,DWR SUR PASS SPL,HOLE ALUR,HLAR,38.0,SWR,75.64646100000000,15.81959
7322,DWR SUR PASS SPL,LAKHMAPUR,LKY,42.0,SWR,75.627712,15.870282
7322,DWR SUR PASS SPL,BADAMI,BDM,39.0,SWR,75.6767002,15.958918
7322,DWR SUR PASS SPL,GULEDAGUDDA RD,GED,39.0,SWR,75.69565900000000,16.069516
7322,DWR SUR PASS SPL,BAGALKOT,BGK,37.0,SWR,75.7002383,16.1787931
7322,DWR SUR PASS SPL,MANGELA,MGL,42.0,SWR,75.74938300000000,16.223191
7322,DWR SUR PASS SPL,JADRAMA KUNTI,JRKT,44.0,SWR,75.83866138550000,16.2842670722
7322,DWR SUR PASS SPL,ALMATTI,LMT,49.0,SWR,75.90050000000000,16.3459
7322,DWR SUR PASS SPL,BAGEVADI RD,BSRX,52.0,SWR,75.82814753,16.47986853
7322,DWR SUR PASS SPL,MULVAD,MVD,48.0,SWR,75.746926,16.620372
7322,DWR SUR PASS SPL,VIJAYAPURA,BJP,40.0,SWR,75.7400012,16.8310603
7322,DWR SUR PASS SPL,INDI ROAD,IDR,36.0,SWR,75.919616,17.211289
7322,DWR SUR PASS SPL,LACHYAN,LHN,36.0,SWR,75.9717014606,17.2795737583
7322,DWR SUR PASS SPL,HOTGI,HG,19.0,SWR,75.989943,17.565668
7322,DWR SUR PASS SPL,TIKEKARWADI,TKWD,22.0,SWR,75.933458,17.614967
7322,DWR SUR PASS SPL,SOLAPUR JN,SUR,6.0,SWR,75.893401,17.664496
7480,TPTY FESTVL SPL,,nan,,,,
7605,TPTY AK SPL,TIRUPATI,TPTY,5.0,SCR,79.418968,13.62763
7605,TPTY AK SPL,PAKALA JN,PAK,12.0,SCR,79.11408,13.451133
7605,TPTY AK SPL,PILER,PIL,21.0,SCR,78.927499,13.662347
7605,TPTY AK SPL,MADANAPALLE RD,MPL,31.0,SCR,78.55442400000000,13.644442
7605,TPTY AK SPL,KADIRI,KRY,42.0,SCR,78.165591,14.114788
7605,TPTY AK SPL,DHARMAVARAM JN,DMM,29.0,SCR,77.717115,14.424369
7605,TPTY AK SPL,ANANTAPUR,ATP,26.0,SCR,77.59531200000000,14.686478
7605,TPTY AK SPL,DHONE,DHNE,6.0,SCR,77.865727,15.396729
7605,TPTY AK SPL,KURNOOL CITY,KRNT,30.0,SCR,78.032655,15.833715
7605,TPTY AK SPL,GADWAL,GWD,49.0,SCR,77.80967200000000,16.22509
7605,TPTY AK SPL,WANPARTI ROAD,WPR,53.0,SCR,77.88514998290000,16.3820535896
7605,TPTY AK SPL,MAHBUBNAGAR,MBNR,50.0,SCR,77.999429,16.757768
7605,TPTY AK SPL,KACHEGUDA,KCG,61.0,SCR,78.499756,17.389561
7605,TPTY AK SPL,KAMAREDDI,KMC,89.0,SCR,78.335858,18.32586
7605,TPTY AK SPL,NIZAMABAD,NZB,107.0,SCR,78.103238,18.679165
7605,TPTY AK SPL,DHARMABAD,DAB,116.0,SCR,77.8493415012,18.8882603101
7605,TPTY AK SPL,MUDKHED,MUE,115.0,SCR,77.509661,19.148087
7605,TPTY AK SPL,H SAHIB NANDED,NED,107.0,SCR,77.31047800000000,19.160522
7605,TPTY AK SPL,PURNA JN,PAU,109.0,SCR,77.024985,19.180527
7605,TPTY AK SPL,BASMAT,BMF,106.0,SCR,77.15177759640000,19.3334723149
7605,TPTY AK SPL,HINGOLI DECCAN,HNL,100.0,SCR,77.146758,19.726357
7605,TPTY AK SPL,WASHIM,WHM,94.0,SCR,77.147986,20.103101
7605,TPTY AK SPL,AKOLA JN,AK,33.0,SCR,77.005497,20.723084
7606,AK TPTY SF SPL,AKOLA JN,AK,4.0,SCR,77.005497,20.723084
7606,AK TPTY SF SPL,WASHIM,WHM,9.0,SCR,77.147986,20.103101
7606,AK TPTY SF SPL,HINGOLI DECCAN,HNL,16.0,SCR,77.146758,19.726357
7606,AK TPTY SF SPL,BASMAT,BMF,22.0,SCR,77.15177759640000,19.3334723149
7606,AK TPTY SF SPL,PURNA JN,PAU,24.0,SCR,77.024985,19.180527
7606,AK TPTY SF SPL,H SAHIB NANDED,NED,22.0,SCR,77.31047800000000,19.160522
7606,AK TPTY SF SPL,MUDKHED,MUE,14.0,SCR,77.509661,19.148087
7606,AK TPTY SF SPL,DHARMABAD,DAB,40.0,SCR,77.8493415012,18.8882603101
7606,AK TPTY SF SPL,NIZAMABAD,NZB,40.0,SCR,78.103238,18.679165
7606,AK TPTY SF SPL,KAMAREDDI,KMC,50.0,SCR,78.335858,18.32586
7606,AK TPTY SF SPL,KACHEGUDA,KCG,42.0,SCR,78.499756,17.389561
7606,AK TPTY SF SPL,MAHBUBNAGAR,MBNR,35.0,SCR,77.999429,16.757768
7606,AK TPTY SF SPL,WANPARTI ROAD,WPR,55.0,SCR,77.88514998290000,16.3820535896
7606,AK TPTY SF SPL,GADWAL,GWD,59.0,SCR,77.80967200000000,16.22509
7606,AK TPTY SF SPL,KURNOOL CITY,KRNT,77.0,SCR,78.032655,15.833715
7606,AK TPTY SF SPL,DHONE,DHNE,117.0,SCR,77.865727,15.396729
7606,AK TPTY SF SPL,ANANTAPUR,ATP,145.0,SCR,77.59531200000000,14.686478
7606,AK TPTY SF SPL,DHARMAVARAM JN,DMM,133.0,SCR,77.717115,14.424369
7606,AK TPTY SF SPL,KADIRI,KRY,135.0,SCR,78.165591,14.114788
7606,AK TPTY SF SPL,MADANAPALLE RD,MPL,127.0,SCR,78.55442400000000,13.644442
7606,AK TPTY SF SPL,PILER,PIL,117.0,SCR,78.927499,13.662347
7606,AK TPTY SF SPL,PAKALA JN,PAK,113.0,SCR,79.11408,13.451133
7606,AK TPTY SF SPL,TIRUPATI,TPTY,88.0,SCR,79.418968,13.62763
7665,PBN NED EXP SPL,,nan,,,,
7816,KEOTI RAIPUR DEMU,,nan,,,,
8185,HTE DURG SPL,HATIA,HTE,23.0,SER,85.308218,23.311613
8185,HTE DURG SPL,ROURKELA,ROU,46.0,SER,84.86313200000000,22.22844
8185,HTE DURG SPL,JHARSUGUDA JN,JSG,75.0,SER,84.017427,21.862274
8185,HTE DURG SPL,RAIGARH,RIG,110.0,SER,83.39067,21.891289
8185,HTE DURG SPL,CHAMPA,CPH,134.0,SER,82.665149,22.034731
8185,HTE DURG SPL,BILASPUR JN,BSP,106.0,SER,82.167585,22.057473
8185,HTE DURG SPL,BHATAPARA,BYT,116.0,SER,81.946062,21.732464
8185,HTE DURG SPL,RAIPUR JN,R,127.0,SER,81.629328,21.256462
8185,HTE DURG SPL,DURG,DURG,116.0,SER,81.291837,21.200327
8186,DURG HTE SPL,DURG,DURG,1.0,SER,81.291837,21.200327
8186,DURG HTE SPL,RAIPUR JN,R,8.0,SER,81.629328,21.256462
8186,DURG HTE SPL,BHATAPARA,BYT,19.0,SER,81.946062,21.732464
8186,DURG HTE SPL,BILASPUR JN,BSP,10.0,SER,82.167585,22.057473
8186,DURG HTE SPL,CHAMPA,CPH,17.0,SER,82.665149,22.034731
8186,DURG HTE SPL,RAIGARH,RIG,33.0,SER,83.39067,21.891289
8186,DURG HTE SPL,JHARSUGUDA JN,JSG,9.0,SER,84.017427,21.862274
8186,DURG HTE SPL,ROURKELA,ROU,61.0,SER,84.86313200000000,22.22844
8186,DURG HTE SPL,HATIA,HTE,73.0,SER,85.308218,23.311613
9065,CPR HUMSAFAR SPL,SURAT,ST,0.0,WR,72.840793,21.206568
9065,CPR HUMSAFAR SPL,UDHNA JN,UDN,0.0,WR,72.851461,21.171156
9065,CPR HUMSAFAR SPL,NANDURBAR,NDB,8.0,WR,74.246482,21.374812
9065,CPR HUMSAFAR SPL,BHUSAVAL JN,BSL,24.0,WR,75.78867170000000,21.0472812
9065,CPR HUMSAFAR SPL,ITARSI JN,ET,46.0,WR,77.767128,22.608258
9065,CPR HUMSAFAR SPL,JABALPUR,JBP,104.0,WR,79.950919,23.164636
9065,CPR HUMSAFAR SPL,PRAYAGRAJ CHHEOKI,PCOI,235.0,WR,,
9065,CPR HUMSAFAR SPL,VARANASI JN,BSB,205.0,WR,82.986468,25.327281
9065,CPR HUMSAFAR SPL,JAUNPUR JN,JNU,185.0,WR,82.69969600000000,25.762849
9065,CPR HUMSAFAR SPL,KERAKAT H,KCT,187.0,WR,82.924798,25.645355
9065,CPR HUMSAFAR SPL,CHHAPRA,CPR,150.0,WR,84.725004,25.78832
9165,SABARMATI EXP SPL,,nan,,,,
9167,SABARMATI EXP SPL,,nan,,,,
9231,HAPA DURONTO SPL,,nan,,,,
9232,MMCT DURONTO SPL,,nan,,,,
9261,KCVL PBR SF SPL,,nan,,,,
9303,INDB MAHAMANA SPL,,nan,,,,
9447,ADI PNBE SF SPL,AHMEDABAD JN,ADI,6.0,WR,72.601516,23.025515
9447,ADI PNBE SF SPL,CHHAYAPURI,CYI,4.0,WR,73.179698,22.388284
9447,ADI PNBE SF SPL,RATLAM JN,RTM,19.0,WR,75.050826,23.34038
9447,ADI PNBE SF SPL,KOTA JN,KOTA,34.0,WR,75.8805,25.223553
9447,ADI PNBE SF SPL,AGRA FORT,AF,53.0,WR,78.0191,27.183308
9447,ADI PNBE SF SPL,KANPUR CENTRAL,CNB,85.0,WR,80.350966,26.45424
9447,ADI PNBE SF SPL,PT DEEN DAYAL UPADHYAY JN,DDU,126.0,WR,,
9447,ADI PNBE SF SPL,PATNA JN,PNBE,216.0,WR,85.136824,25.60256
9448,PNBE ADI SPL,PATNA JN,PNBE,13.0,WR,85.136824,25.60256
9448,PNBE ADI SPL,PT DEEN DAYAL UPADHYAY JN,DDU,6.0,WR,,
9448,PNBE ADI SPL,KANPUR CENTRAL,CNB,35.0,WR,80.350966,26.45424
9448,PNBE ADI SPL,AGRA FORT,AF,78.0,WR,78.0191,27.183308
9448,PNBE ADI SPL,KOTA JN,KOTA,165.0,WR,75.8805,25.223553
9448,PNBE ADI SPL,RATLAM JN,RTM,126.0,WR,75.050826,23.34038
9448,PNBE ADI SPL,CHHAYAPURI,CYI,125.0,WR,73.179698,22.388284
9448,PNBE ADI SPL,AHMEDABAD JN,ADI,120.0,WR,72.601516,23.025515
9451,GIMB BGP SPL,GANDHIDHAM BG,GIMB,6.0,WR,70.14775400000000,23.069086
9451,GIMB BGP SPL,BHACHAU BG,BCOB,15.0,WR,70.34497200000000,23.301391
9451,GIMB BGP SPL,SAMAKHIALI B G,SIOB,14.0,WR,70.503394,23.309819
9451,GIMB BGP SPL,DHRANGADHRA,DHG,10.0,WR,71.4791076,22.9871651
9451,GIMB BGP SPL,AHMEDABAD JN,ADI,8.0,WR,72.601516,23.025515
9451,GIMB BGP SPL,NADIAD JN,ND,14.0,WR,72.855718,22.694106
9451,GIMB BGP SPL,DAHOD,DHD,4.0,WR,74.25337400000000,22.843607
9451,GIMB BGP SPL,RATLAM JN,RTM,5.0,WR,75.050826,23.34038
9451,GIMB BGP SPL,BHAWANI MANDI,BWM,1.0,WR,75.82981,24.419472
9451,GIMB BGP SPL,KOTA JN,KOTA,7.0,WR,75.8805,25.223553
9451,GIMB BGP SPL,SAWAI MADHOPUR,SWM,36.0,WR,76.35622,26.018279
9451,GIMB BGP SPL,GANGAPUR CITY,GGC,29.0,WR,76.72770800000000,26.468979
9451,GIMB BGP SPL,HINDAUN CITY,HAN,36.0,WR,77.03168600000000,26.756164
9451,GIMB BGP SPL,BAYANA JN,BXN,40.0,WR,77.29713100000000,26.916354
9451,GIMB BGP SPL,BHARATPUR JN,BTE,7.0,WR,77.488613,27.237107
9451,GIMB BGP SPL,MATHURA JN,MTJ,11.0,WR,77.67311700000000,27.480145
9451,GIMB BGP SPL,HATHRAS CITY,HTC,24.0,WR,78.05506870000000,27.5998169
9451,GIMB BGP SPL,KASGANJ,KSJ,19.0,WR,78.64602600000000,27.801887
9451,GIMB BGP SPL,FARRUKHABAD,FBD,29.0,WR,79.57173700000000,27.38236
9451,GIMB BGP SPL,KANPUR CENTRAL,CNB,9.0,WR,80.350966,26.45424
9451,GIMB BGP SPL,LUCKNOW NR,LKO,31.0,WR,80.925291,26.830675
9451,GIMB BGP SPL,GONDA JN,GD,80.0,WR,81.97815200000000,27.154613
9451,GIMB BGP SPL,BASTI,BST,109.0,WR,82.77005900000000,26.815678
9451,GIMB BGP SPL,GORAKHPUR JN,GKP,88.0,WR,83.381499,26.759311
9451,GIMB BGP SPL,NARKATIAGANJ JN,NKE,63.0,WR,84.464045,27.105035
9451,GIMB BGP SPL,BETTIAH,BTH,80.0,WR,84.5229561,26.8058847
9451,GIMB BGP SPL,SAGAULI JN,SGL,80.0,WR,84.73934,26.758187
9451,GIMB BGP SPL,BAPUDHAM MOTIHARI,BMKI,76.0,WR,84.90529000000000,26.655733
9451,GIMB BGP SPL,CHAKIA,CAA,96.0,WR,85.04636,26.417182
9451,GIMB BGP SPL,MUZAFFARPUR JN,MFP,113.0,WR,85.378006,26.122311
9451,GIMB BGP SPL,SAMASTIPUR JN,SPJ,187.0,WR,85.78736,25.858304
9451,GIMB BGP SPL,BARAUNI JN,BJU,228.0,WR,85.988748,25.461768
9451,GIMB BGP SPL,BEGU SARAI,BGS,227.0,WR,86.134476,25.425296
9451,GIMB BGP SPL,MONGHYR,MGR,242.0,WR,,
9451,GIMB BGP SPL,SULTANGANJ,SGG,171.0,WR,86.736175,25.24085
9451,GIMB BGP SPL,BHAGALPUR,BGP,145.0,WR,86.9767918,25.2419093
9452,BGP GIMB SPL,BHAGALPUR,BGP,131.0,WR,86.9767918,25.2419093
9452,BGP GIMB SPL,SULTANGANJ,SGG,135.0,WR,86.736175,25.24085
9452,BGP GIMB SPL,MONGHYR,MGR,136.0,WR,,
9452,BGP GIMB SPL,BEGU SARAI,BGS,150.0,WR,86.134476,25.425296
9452,BGP GIMB SPL,BARAUNI JN,BJU,153.0,WR,85.988748,25.461768
9452,BGP GIMB SPL,SAMASTIPUR JN,SPJ,170.0,WR,85.78736,25.858304
9452,BGP GIMB SPL,MUZAFFARPUR JN,MFP,220.0,WR,85.378006,26.122311
9452,BGP GIMB SPL,CHAKIA,CAA,259.0,WR,85.04636,26.417182
9452,BGP GIMB SPL,BAPUDHAM MOTIHARI,BMKI,264.0,WR,84.90529000000000,26.655733
9452,BGP GIMB SPL,SAGAULI JN,SGL,277.0,WR,84.73934,26.758187
9452,BGP GIMB SPL,BETTIAH,BTH,289.0,WR,84.5229561,26.8058847
9452,BGP GIMB SPL,NARKATIAGANJ JN,NKE,298.0,WR,84.464045,27.105035
9452,BGP GIMB SPL,GORAKHPUR JN,GKP,346.0,WR,83.381499,26.759311
9452,BGP GIMB SPL,BASTI,BST,360.0,WR,82.77005900000000,26.815678
9452,BGP GIMB SPL,GONDA JN,GD,388.0,WR,81.97815200000000,27.154613
9452,BGP GIMB SPL,LUCKNOW NR,LKO,334.0,WR,80.925291,26.830675
9452,BGP GIMB SPL,KANPUR CENTRAL,CNB,382.0,WR,80.350966,26.45424
9452,BGP GIMB SPL,FARRUKHABAD,FBD,408.0,WR,79.57173700000000,27.38236
9452,BGP GIMB SPL,KASGANJ,KSJ,387.0,WR,78.64602600000000,27.801887
9452,BGP GIMB SPL,HATHRAS CITY,HTC,405.0,WR,78.05506870000000,27.5998169
9452,BGP GIMB SPL,MATHURA JN,MTJ,339.0,WR,77.67311700000000,27.480145
9452,BGP GIMB SPL,BHARATPUR JN,BTE,342.0,WR,77.488613,27.237107
9452,BGP GIMB SPL,BAYANA JN,BXN,347.0,WR,77.29713100000000,26.916354
9452,BGP GIMB SPL,HINDAUN CITY,HAN,350.0,WR,77.03168600000000,26.756164
9452,BGP GIMB SPL,GANGAPUR CITY,GGC,349.0,WR,76.72770800000000,26.468979
9452,BGP GIMB SPL,SAWAI MADHOPUR,SWM,351.0,WR,76.35622,26.018279
9452,BGP GIMB SPL,KOTA JN,KOTA,369.0,WR,75.8805,25.223553
9452,BGP GIMB SPL,BHAWANI MANDI,BWM,363.0,WR,75.82981,24.419472
9452,BGP GIMB SPL,RATLAM JN,RTM,354.0,WR,75.050826,23.34038
9452,BGP GIMB SPL,DAHOD,DHD,361.0,WR,74.25337400000000,22.843607
9452,BGP GIMB SPL,NADIAD JN,ND,271.0,WR,72.855718,22.694106
9452,BGP GIMB SPL,AHMEDABAD JN,ADI,257.0,WR,72.601516,23.025515
9452,BGP GIMB SPL,DHRANGADHRA,DHG,265.0,WR,71.4791076,22.9871651
9452,BGP GIMB SPL,SAMAKHIALI B G,SIOB,244.0,WR,70.503394,23.309819
9452,BGP GIMB SPL,BHACHAU BG,BCOB,245.0,WR,70.34497200000000,23.301391
9452,BGP GIMB SPL,GANDHIDHAM BG,GIMB,235.0,WR,70.14775400000000,23.069086
9465,ADI DBG SPL,AHMEDABAD JN,ADI,6.0,WR,72.601516,23.025515
9465,ADI DBG SPL,CHHAYAPURI,CYI,7.0,WR,73.179698,22.388284
9465,ADI DBG SPL,RATLAM JN,RTM,27.0,WR,75.050826,23.34038
9465,ADI DBG SPL,UJJAIN JN,UJN,11.0,WR,75.781403,23.178154
9465,ADI DBG SPL,GUNA,GUNA,1.0,WR,77.314104,24.6405
9465,ADI DBG SPL,BINA JN,BINA,10.0,WR,78.1831998,24.1709735
9465,ADI DBG SPL,V LAKSHMIBAI JHANSI,VGLJ,23.0,WR,78.5533,25.4439
9465,ADI DBG SPL,KANPUR CENTRAL,CNB,42.0,WR,80.350966,26.45424
9465,ADI DBG SPL,LUCKNOW NR,LKO,90.0,WR,80.925291,26.830675
9465,ADI DBG SPL,AYODHYA CANT,AYC,95.0,WR,,
9465,ADI DBG SPL,SHAHGANJ JN,SHG,50.0,WR,82.679662,26.061399
9465,ADI DBG SPL,CHHAPRA,CPR,28.0,WR,84.725004,25.78832
9465,ADI DBG SPL,MUZAFFARPUR JN,MFP,51.0,WR,85.378006,26.122311
9465,ADI DBG SPL,SAMASTIPUR JN,SPJ,191.0,WR,85.78736,25.858304
9465,ADI DBG SPL,DARBHANGA JN,DBG,173.0,WR,85.907575,26.157088
9466,DBG ADI SPL,DARBHANGA JN,DBG,1.0,WR,85.907575,26.157088
9466,DBG ADI SPL,SAMASTIPUR JN,SPJ,20.0,WR,85.78736,25.858304
9466,DBG ADI SPL,MUZAFFARPUR JN,MFP,58.0,WR,85.378006,26.122311
9466,DBG ADI SPL,CHHAPRA,CPR,26.0,WR,84.725004,25.78832
9466,DBG ADI SPL,SHAHGANJ JN,SHG,50.0,WR,82.679662,26.061399
9466,DBG ADI SPL,AYODHYA CANT,AYC,116.0,WR,,
9466,DBG ADI SPL,LUCKNOW NR,LKO,163.0,WR,80.925291,26.830675
9466,DBG ADI SPL,KANPUR CENTRAL,CNB,200.0,WR,80.350966,26.45424
9466,DBG ADI SPL,V LAKSHMIBAI JHANSI,VGLJ,201.0,WR,78.5533,25.4439
9466,DBG ADI SPL,BINA JN,BINA,230.0,WR,78.1831998,24.1709735
9466,DBG ADI SPL,GUNA,GUNA,219.0,WR,77.314104,24.6405
9466,DBG ADI SPL,UJJAIN JN,UJN,262.0,WR,75.781403,23.178154
9466,DBG ADI SPL,RATLAM JN,RTM,282.0,WR,75.050826,23.34038
9466,DBG ADI SPL,CHHAYAPURI,CYI,261.0,WR,73.179698,22.388284
9466,DBG ADI SPL,AHMEDABAD JN,ADI,269.0,WR,72.601516,23.025515
9721,JP UDZ SF SPL,JAIPUR,JP,8.0,NWR,75.786923,26.920203
9721,JP UDZ SF SPL,PHULERA JN,FL,17.0,NWR,75.24545600000000,26.872814
9721,JP UDZ SF SPL,KISHANGARH,KSG,19.0,NWR,74.855553,26.588968
9721,JP UDZ SF SPL,AJMER JN,AII,21.0,NWR,74.63746400000000,26.456612
9721,JP UDZ SF SPL,NASIRABAD,NSD,22.0,NWR,74.71699100000000,26.29446
9721,JP UDZ SF SPL,BIJAINAGAR,BJNR,25.0,NWR,74.65305890000000,25.931003
9721,JP UDZ SF SPL,BHILWARA,BHL,33.0,NWR,74.63077340000000,25.3435508
9721,JP UDZ SF SPL,CHANDERIYA,CNA,12.0,NWR,74.629979,24.939558
9721,JP UDZ SF SPL,KAPASAN,KIN,18.0,NWR,74.312762,24.86221
9721,JP UDZ SF SPL,MAVLI JN,MVJ,19.0,NWR,73.973721,24.794585
9721,JP UDZ SF SPL,RANAPRATAPNAGAR,RPZ,15.0,NWR,73.72805600000000,24.582417
9722,UDZ JP SF SPL,UDAIPUR CITY,UDZ,2.0,NWR,73.699632,24.566862
9722,UDZ JP SF SPL,RANAPRATAPNAGAR,RPZ,4.0,NWR,73.72805600000000,24.582417
9722,UDZ JP SF SPL,MAVLI JN,MVJ,5.0,NWR,73.973721,24.794585
9722,UDZ JP SF SPL,KAPASAN,KIN,5.0,NWR,74.312762,24.86221
9722,UDZ JP SF SPL,CHANDERIYA,CNA,2.0,NWR,74.629979,24.939558
9722,UDZ JP SF SPL,BHILWARA,BHL,8.0,NWR,74.63077340000000,25.3435508
9722,UDZ JP SF SPL,BIJAINAGAR,BJNR,6.0,NWR,74.65305890000000,25.931003
9722,UDZ JP SF SPL,NASIRABAD,NSD,8.0,NWR,74.71699100000000,26.29446
9722,UDZ JP SF SPL,AJMER JN,AII,4.0,NWR,74.63746400000000,26.456612
9722,UDZ JP SF SPL,KISHANGARH,KSG,3.0,NWR,74.855553,26.588968
9722,UDZ JP SF SPL,PHULERA JN,FL,11.0,NWR,75.24545600000000,26.872814
9813,KOTA HISAR ESPL,,nan,,,,
11753,ITR REWA SPL,NSC BOSE ITWARI,NITR,2.0,WCR,,
11753,ITR REWA SPL,KAMPTEE,KP,25.0,WCR,79.197947,21.21172
11753,ITR REWA SPL,BHANDARA ROAD,BRD,24.0,WCR,79.64752300000000,21.238512
11753,ITR REWA SPL,TUMSAR ROAD,TMR,24.0,WCR,79.75141900000000,21.342437
11753,ITR REWA SPL,GONDIA JN,G,45.0,WCR,80.190842,21.462435
11753,ITR REWA SPL,BALAGHAT JN,BTC,64.0,WCR,80.19988530000000,21.8116285
11753,ITR REWA SPL,LAMTA,LTA,69.0,WCR,80.1244293225,22.1390377316
11753,ITR REWA SPL,NAINPUR JN,NIR,59.0,WCR,80.108853,22.425676
11753,ITR REWA SPL,GHONSOR,GNS,64.0,WCR,79.95091,22.658083
11753,ITR REWA SPL,JABALPUR,JBP,4.0,WCR,79.950919,23.164636
11753,ITR REWA SPL,KATNI,KTE,27.0,WCR,80.400543,23.833385
11753,ITR REWA SPL,MAIHAR,MYR,41.0,WCR,80.763148,24.255485
11753,ITR REWA SPL,SATNA,STA,29.0,WCR,80.827717,24.568619
11754,REWA ITR EXP,REWA,REWA,1.0,WCR,81.250615,24.537122
11754,REWA ITR EXP,SATNA,STA,10.0,WCR,80.827717,24.568619
11754,REWA ITR EXP,MAIHAR,MYR,15.0,WCR,80.763148,24.255485
11754,REWA ITR EXP,KATNI,KTE,24.0,WCR,80.400543,23.833385
11754,REWA ITR EXP,JABALPUR,JBP,23.0,WCR,79.950919,23.164636
11754,REWA ITR EXP,GHONSOR,GNS,26.0,WCR,79.95091,22.658083
11754,REWA ITR EXP,NAINPUR JN,NIR,22.0,WCR,80.108853,22.425676
11754,REWA ITR EXP,LAMTA,LTA,20.0,WCR,80.1244293225,22.1390377316
11754,REWA ITR EXP,BALAGHAT JN,BTC,14.0,WCR,80.19988530000000,21.8116285
11754,REWA ITR EXP,GONDIA JN,G,12.0,WCR,80.190842,21.462435
11754,REWA ITR EXP,TUMSAR ROAD,TMR,20.0,WCR,79.75141900000000,21.342437
11754,REWA ITR EXP,BHANDARA ROAD,BRD,22.0,WCR,79.64752300000000,21.238512
11754,REWA ITR EXP,KAMPTEE,KP,27.0,WCR,79.197947,21.21172
11754,REWA ITR EXP,NSC BOSE ITWARI,NITR,16.0,WCR,,
12049,GATIMAAN EXP,V LAKSHMIBAI JHANSI,VGLJ,3.0,NR,78.5533,25.4439
12049,GATIMAAN EXP,GWALIOR,GWL,13.0,NR,78.18229200000000,26.216483
12049,GATIMAAN EXP,AGRA CANTT,AGC,7.0,NR,77.990153,27.157992
12049,GATIMAAN EXP,H NIZAMUDDIN,NZM,26.0,NR,77.254249,28.58733
12050,GATIMAAN EXP,H NIZAMUDDIN,NZM,0.0,NR,77.254249,28.58733
12050,GATIMAAN EXP,AGRA CANTT,AGC,22.0,NR,77.990153,27.157992
12050,GATIMAAN EXP,GWALIOR,GWL,32.0,NR,78.18229200000000,26.216483
12050,GATIMAAN EXP,V LAKSHMIBAI JHANSI,VGLJ,17.0,NR,78.5533,25.4439
12235,HUMSAFAR EXP,MADHUPUR JN,MDP,49.0,NR,86.642183,24.270633
12235,HUMSAFAR EXP,JASIDIH JN,JSME,61.0,NR,86.644255,24.514517
12235,HUMSAFAR EXP,JHAJHA,JAJ,46.0,NR,86.399854,24.779456
12235,HUMSAFAR EXP,KIUL JN,KIUL,65.0,NR,86.106198,25.171504
12235,HUMSAFAR EXP,MOKAMEH JN,MKA,79.0,NR,85.91304900000000,25.391885
12235,HUMSAFAR EXP,PATNA JN,PNBE,68.0,NR,85.136824,25.60256
12235,HUMSAFAR EXP,ARA,ARA,81.0,NR,84.66259600000000,25.548889
12235,HUMSAFAR EXP,BUXAR,BXR,93.0,NR,83.982184,25.562067
12235,HUMSAFAR EXP,PT DEEN DAYAL UPADHYAY JN,DDU,56.0,NR,,
12235,HUMSAFAR EXP,PRAYAGRAJ JN,PRYJ,106.0,NR,81.8253,25.4453
12235,HUMSAFAR EXP,KANPUR CENTRAL,CNB,141.0,NR,80.350966,26.45424
12235,HUMSAFAR EXP,ANAND VIHAR TRM,ANVT,231.0,NR,77.31521255,28.6505035654
12236,ANVT MDP HUMSFR,ANAND VIHAR TRM,ANVT,41.0,NR,77.31521255,28.6505035654
12236,ANVT MDP HUMSFR,KANPUR CENTRAL,CNB,61.0,NR,80.350966,26.45424
12236,ANVT MDP HUMSFR,PRAYAGRAJ JN,PRYJ,90.0,NR,81.8253,25.4453
12236,ANVT MDP HUMSFR,PT DEEN DAYAL UPADHYAY JN,DDU,112.0,NR,,
12236,ANVT MDP HUMSFR,BUXAR,BXR,129.0,NR,83.982184,25.562067
12236,ANVT MDP HUMSFR,ARA,ARA,140.0,NR,84.66259600000000,25.548889
12236,ANVT MDP HUMSFR,PATNA JN,PNBE,159.0,NR,85.136824,25.60256
12236,ANVT MDP HUMSFR,MOKAMEH JN,MKA,196.0,NR,85.91304900000000,25.391885
12236,ANVT MDP HUMSFR,KIUL JN,KIUL,202.0,NR,86.106198,25.171504
12236,ANVT MDP HUMSFR,JHAJHA,JAJ,154.0,NR,86.399854,24.779456
12236,ANVT MDP HUMSFR,JASIDIH JN,JSME,165.0,NR,86.644255,24.514517
12236,ANVT MDP HUMSFR,MADHUPUR JN,MDP,147.0,NR,86.642183,24.270633
12275,PRYJ NDLS HUMSAFAR,PRAYAGRAJ JN,PRYJ,2.0,NCR,81.8253,25.4453
12275,PRYJ NDLS HUMSAFAR,SUBEDARGANJ,SFG,125.0,NCR,81.789897,25.439879
12275,PRYJ NDLS HUMSAFAR,NEW DELHI,NDLS,116.0,NCR,77.22000400000000,28.642314
12276,NDLS ALD HUMSAFAR,NEW DELHI,NDLS,6.0,NCR,77.22000400000000,28.642314
12276,NDLS ALD HUMSAFAR,SUBEDARGANJ,SFG,140.0,NCR,81.789897,25.439879
12276,NDLS ALD HUMSAFAR,PRAYAGRAJ JN,PRYJ,91.0,NCR,81.8253,25.4453
12349,NDLS HUMSAFAR,GODDA,GODA,2.0,ER,,
12349,NDLS HUMSAFAR,POREYAHAT,PYHT,8.0,ER,,
12349,NDLS HUMSAFAR,HANSDIHA,HSDA,33.0,ER,87.0849798193,24.6141943022
12349,NDLS HUMSAFAR,MANDAR HILL,MDLE,28.0,ER,87.02615830570000,24.8060780645
12349,NDLS HUMSAFAR,BARAHAT,BHLE,21.0,ER,87.0100837976,24.9206004744
12349,NDLS HUMSAFAR,BHAGALPUR,BGP,10.0,ER,86.9767918,25.2419093
12349,NDLS HUMSAFAR,SULTANGANJ,SGG,7.0,ER,86.736175,25.24085
12349,NDLS HUMSAFAR,JAMALPUR JN,JMP,5.0,ER,86.492285,25.313906
12349,NDLS HUMSAFAR,ABHAIPUR,AHA,9.0,ER,86.32307245910000,25.2159864584
12349,NDLS HUMSAFAR,KIUL JN,KIUL,4.0,ER,86.106198,25.171504
12349,NDLS HUMSAFAR,NAWADAH,NWD,30.0,ER,85.54864500000000,24.886758
12349,NDLS HUMSAFAR,GAYA JN,GAYA,22.0,ER,84.999294,24.803978
12349,NDLS HUMSAFAR,SASARAM,SSM,35.0,ER,84.019423,24.955926
12349,NDLS HUMSAFAR,PT DEEN DAYAL UPADHYAY JN,DDU,34.0,ER,,
12349,NDLS HUMSAFAR,PRAYAGRAJ JN,PRYJ,66.0,ER,81.8253,25.4453
12349,NDLS HUMSAFAR,KANPUR CENTRAL,CNB,94.0,ER,80.350966,26.45424
12349,NDLS HUMSAFAR,NEW DELHI,NDLS,88.0,ER,77.22000400000000,28.642314
12350,GODA HUMSAFAR,NEW DELHI,NDLS,5.0,ER,77.22000400000000,28.642314
12350,GODA HUMSAFAR,KANPUR CENTRAL,CNB,105.0,ER,80.350966,26.45424
12350,GODA HUMSAFAR,PRAYAGRAJ JN,PRYJ,152.0,ER,81.8253,25.4453
12350,GODA HUMSAFAR,PT DEEN DAYAL UPADHYAY JN,DDU,173.0,ER,,
12350,GODA HUMSAFAR,SASARAM,SSM,182.0,ER,84.019423,24.955926
12350,GODA HUMSAFAR,GAYA JN,GAYA,196.0,ER,84.999294,24.803978
12350,GODA HUMSAFAR,NAWADAH,NWD,220.0,ER,85.54864500000000,24.886758
12350,GODA HUMSAFAR,KIUL JN,KIUL,203.0,ER,86.106198,25.171504
12350,GODA HUMSAFAR,ABHAIPUR,AHA,211.0,ER,86.32307245910000,25.2159864584
12350,GODA HUMSAFAR,JAMALPUR JN,JMP,215.0,ER,86.492285,25.313906
12350,GODA HUMSAFAR,SULTANGANJ,SGG,221.0,ER,86.736175,25.24085
12350,GODA HUMSAFAR,BHAGALPUR,BGP,229.0,ER,86.9767918,25.2419093
12350,GODA HUMSAFAR,BARAHAT,BHLE,225.0,ER,87.0100837976,24.9206004744
12350,GODA HUMSAFAR,MANDAR HILL,MDLE,224.0,ER,87.02615830570000,24.8060780645
12350,GODA HUMSAFAR,HANSDIHA,HSDA,240.0,ER,87.0849798193,24.6141943022
12350,GODA HUMSAFAR,POREYAHAT,PYHT,244.0,ER,,
12350,GODA HUMSAFAR,GODDA,GODA,209.0,ER,,
12461,VANDE BHARAT EXP,JODHPUR JN,JU,2.0,NWR,73.02319,26.283765
12461,VANDE BHARAT EXP,PALI MARWAR,PMY,8.0,NWR,73.327309,25.790692
12461,VANDE BHARAT EXP,FALNA,FA,11.0,NWR,73.23495300000000,25.235808
12461,VANDE BHARAT EXP,ABU ROAD,ABR,8.0,NWR,72.775695,24.470775
12461,VANDE BHARAT EXP,PALANPUR JN,PNU,3.0,NWR,72.430172,24.174433
12461,VANDE BHARAT EXP,MAHESANA JN,MSH,4.0,NWR,72.388708,23.602623
12462,JU VANDE BHARAT,SABARMATI JN,SBIB,4.0,NWR,,
12462,JU VANDE BHARAT,MAHESANA JN,MSH,15.0,NWR,72.388708,23.602623
12462,JU VANDE BHARAT,PALANPUR JN,PNU,4.0,NWR,72.430172,24.174433
12462,JU VANDE BHARAT,ABU ROAD,ABR,6.0,NWR,72.775695,24.470775
12462,JU VANDE BHARAT,FALNA,FA,4.0,NWR,73.23495300000000,25.235808
12462,JU VANDE BHARAT,PALI MARWAR,PMY,13.0,NWR,73.327309,25.790692
12462,JU VANDE BHARAT,JODHPUR JN,JU,1.0,NWR,73.02319,26.283765
12503,AGTL HUMSAFAR,SMVT BENGALURU,SMVB,94.0,NFR,77.6418,13.0006
12503,AGTL HUMSAFAR,WHITEFIELD,WFD,106.0,NFR,77.76130500000000,12.995253
12503,AGTL HUMSAFAR,KATPADI JN,KPD,127.0,NFR,79.13534100000000,12.972734
12503,AGTL HUMSAFAR,PERAMBUR,PER,135.0,NFR,80.24453300000000,13.10702
12503,AGTL HUMSAFAR,VIJAYAWADA JN,BZA,155.0,NFR,80.61864800000000,16.518262
12503,AGTL HUMSAFAR,DUVVADA,DVD,135.0,NFR,83.152059,17.703843
12503,AGTL HUMSAFAR,VISHAKAPATNAM,VSKP,156.0,NFR,83.289514,17.72159
12503,AGTL HUMSAFAR,VIZIANAGRAM JN,VZM,170.0,NFR,83.39558600000000,18.111374
12503,AGTL HUMSAFAR,SRIKAKULAM ROAD,CHE,174.0,NFR,83.903771,18.408679
12503,AGTL HUMSAFAR,PALASA,PSA,161.0,NFR,84.42209100000000,18.756782
12503,AGTL HUMSAFAR,BRAHMAPUR,BAM,177.0,NFR,84.7966912,19.2961348
12503,AGTL HUMSAFAR,KHURDA ROAD JN,KUR,199.0,NFR,85.70823400000000,20.153076
12503,AGTL HUMSAFAR,BHUBANESWAR,BBS,207.0,NFR,85.84259500000000,20.265388
12503,AGTL HUMSAFAR,CUTTACK,CTC,222.0,NFR,85.90156,20.466588
12503,AGTL HUMSAFAR,BHADRAKH,BHC,199.0,NFR,86.5162305,21.0917458
12503,AGTL HUMSAFAR,KHARAGPUR JN,KGP,248.0,NFR,87.32845600000000,22.341432
12503,AGTL HUMSAFAR,ANDUL,ADL,272.0,NFR,88.239643,22.575169
12503,AGTL HUMSAFAR,DANKUNI,DKAE,271.0,NFR,88.291491,22.677422
12503,AGTL HUMSAFAR,RAMPUR HAT,RPH,326.0,NFR,87.78214700000000,24.179797
12503,AGTL HUMSAFAR,MALDA TOWN,MLDT,302.0,NFR,88.130338,25.015659
12503,AGTL HUMSAFAR,KISHANGANJ,KNE,314.0,NFR,87.949657,26.097746
12503,AGTL HUMSAFAR,NEW JALPAIGURI,NJP,314.0,NFR,88.443391,26.683025
12503,AGTL HUMSAFAR,NEW BONGAIGAON,NBQ,320.0,NFR,90.53684346440000,26.4758354405
12503,AGTL HUMSAFAR,KAMAKHYA,KYQ,320.0,NFR,91.689505,26.156154
12503,AGTL HUMSAFAR,GUWAHATI,GHY,335.0,NFR,91.751851,26.182635
12503,AGTL HUMSAFAR,NEW HAFLONG,NHLG,380.0,NFR,93.0319,25.1481
12503,AGTL HUMSAFAR,BADARPUR JN,BPB,380.0,NFR,92.5563227,24.8651775
12503,AGTL HUMSAFAR,NEW KARIMGANJ,NKMG,381.0,NFR,92.3943808116131,24.8433689098397
12503,AGTL HUMSAFAR,DHARMANAGAR,DMR,372.0,NFR,92.16824700000000,24.366946
12503,AGTL HUMSAFAR,AMBASA,ABSA,369.0,NFR,91.860783,23.930507
12503,AGTL HUMSAFAR,AGARTALA,AGTL,341.0,NFR,91.278481,23.792417
12504,AGTL SMVB HUMSAFAR,AGARTALA,AGTL,19.0,NFR,91.278481,23.792417
12504,AGTL SMVB HUMSAFAR,AMBASA,ABSA,27.0,NFR,91.860783,23.930507
12504,AGTL SMVB HUMSAFAR,DHARMANAGAR,DMR,19.0,NFR,92.16824700000000,24.366946
12504,AGTL SMVB HUMSAFAR,NEW KARIMGANJ,NKMG,17.0,NFR,92.3943808116131,24.8433689098397
12504,AGTL SMVB HUMSAFAR,BADARPUR JN,BPB,37.0,NFR,92.5563227,24.8651775
12504,AGTL SMVB HUMSAFAR,NEW HAFLONG,NHLG,42.0,NFR,93.0319,25.1481
12504,AGTL SMVB HUMSAFAR,GUWAHATI,GHY,84.0,NFR,91.751851,26.182635
12504,AGTL SMVB HUMSAFAR,KAMAKHYA,KYQ,89.0,NFR,91.689505,26.156154
12504,AGTL SMVB HUMSAFAR,NEW BONGAIGAON,NBQ,98.0,NFR,90.53684346440000,26.4758354405
12504,AGTL SMVB HUMSAFAR,NEW JALPAIGURI,NJP,120.0,NFR,88.443391,26.683025
12504,AGTL SMVB HUMSAFAR,KISHANGANJ,KNE,132.0,NFR,87.949657,26.097746
12504,AGTL SMVB HUMSAFAR,MALDA TOWN,MLDT,105.0,NFR,88.130338,25.015659
12504,AGTL SMVB HUMSAFAR,RAMPUR HAT,RPH,133.0,NFR,87.78214700000000,24.179797
12504,AGTL SMVB HUMSAFAR,DANKUNI,DKAE,147.0,NFR,88.291491,22.677422
12504,AGTL SMVB HUMSAFAR,ANDUL,ADL,145.0,NFR,88.239643,22.575169
12504,AGTL SMVB HUMSAFAR,KHARAGPUR JN,KGP,153.0,NFR,87.32845600000000,22.341432
12504,AGTL SMVB HUMSAFAR,BHADRAKH,BHC,156.0,NFR,86.5162305,21.0917458
12504,AGTL SMVB HUMSAFAR,CUTTACK,CTC,178.0,NFR,85.90156,20.466588
12504,AGTL SMVB HUMSAFAR,BHUBANESWAR,BBS,191.0,NFR,85.84259500000000,20.265388
12504,AGTL SMVB HUMSAFAR,KHURDA ROAD JN,KUR,208.0,NFR,85.70823400000000,20.153076
12504,AGTL SMVB HUMSAFAR,BRAHMAPUR,BAM,241.0,NFR,84.7966912,19.2961348
12504,AGTL SMVB HUMSAFAR,PALASA,PSA,213.0,NFR,84.42209100000000,18.756782
12504,AGTL SMVB HUMSAFAR,SRIKAKULAM ROAD,CHE,227.0,NFR,83.903771,18.408679
12504,AGTL SMVB HUMSAFAR,VIZIANAGRAM JN,VZM,231.0,NFR,83.39558600000000,18.111374
12504,AGTL SMVB HUMSAFAR,VISHAKAPATNAM,VSKP,254.0,NFR,83.289514,17.72159
12504,AGTL SMVB HUMSAFAR,DUVVADA,DVD,243.0,NFR,83.152059,17.703843
12504,AGTL SMVB HUMSAFAR,VIJAYAWADA JN,BZA,271.0,NFR,80.61864800000000,16.518262
12504,AGTL SMVB HUMSAFAR,PERAMBUR,PER,284.0,NFR,80.24453300000000,13.10702
12504,AGTL SMVB HUMSAFAR,KATPADI JN,KPD,260.0,NFR,79.13534100000000,12.972734
12504,AGTL SMVB HUMSAFAR,WHITEFIELD,WFD,270.0,NFR,77.76130500000000,12.995253
12504,AGTL SMVB HUMSAFAR,SMVT BENGALURU,SMVB,252.0,NFR,77.6418,13.0006
12571,ANVT HUMSAFAR,GORAKHPUR JN,GKP,2.0,NER,83.381499,26.759311
12571,ANVT HUMSAFAR,ANAND NAGAR,ANDN,12.0,NER,83.270698,27.103714
12571,ANVT HUMSAFAR,SIDDHARTH NAGAR,SDDN,23.0,NER,,
12571,ANVT HUMSAFAR,BARHNI,BNY,19.0,NER,82.7918337,27.4957951
12571,ANVT HUMSAFAR,TULSIPUR,TLR,27.0,NER,82.4114096783,27.5317699289
12571,ANVT HUMSAFAR,BALRAMPUR,BLP,30.0,NER,82.16066989870000,27.4158206073
12571,ANVT HUMSAFAR,GONDA JN,GD,20.0,NER,81.97815200000000,27.154613
12571,ANVT HUMSAFAR,LUCKNOW NR,LKO,23.0,NER,80.925291,26.830675
12571,ANVT HUMSAFAR,KANPUR CENTRAL,CNB,57.0,NER,80.350966,26.45424
12571,ANVT HUMSAFAR,ANAND VIHAR TRM,ANVT,124.0,NER,77.31521255,28.6505035654
12572,GKP HUMSFAR,ANAND VIHAR TRM,ANVT,1.0,NER,77.31521255,28.6505035654
12572,GKP HUMSFAR,KANPUR CENTRAL,CNB,30.0,NER,80.350966,26.45424
12572,GKP HUMSFAR,LUCKNOW NR,LKO,49.0,NER,80.925291,26.830675
12572,GKP HUMSFAR,GONDA JN,GD,62.0,NER,81.97815200000000,27.154613
12572,GKP HUMSFAR,BALRAMPUR,BLP,62.0,NER,82.16066989870000,27.4158206073
12572,GKP HUMSFAR,TULSIPUR,TLR,64.0,NER,82.4114096783,27.5317699289
12572,GKP HUMSFAR,BARHNI,BNY,74.0,NER,82.7918337,27.4957951
12572,GKP HUMSFAR,SIDDHARTH NAGAR,SDDN,82.0,NER,,
12572,GKP HUMSFAR,ANAND NAGAR,ANDN,81.0,NER,83.270698,27.103714
12572,GKP HUMSFAR,GORAKHPUR JN,GKP,66.0,NER,83.381499,26.759311
12595,ANVT HUMSAFAR,GORAKHPUR JN,GKP,0.0,NER,83.381499,26.759311
12595,ANVT HUMSAFAR,BASTI,BST,0.0,NER,82.77005900000000,26.815678
12595,ANVT HUMSAFAR,GONDA JN,GD,0.0,NER,81.97815200000000,27.154613
12595,ANVT HUMSAFAR,LUCKNOW NR,LKO,0.0,NER,80.925291,26.830675
12595,ANVT HUMSAFAR,KANPUR CENTRAL,CNB,0.0,NER,80.350966,26.45424
12595,ANVT HUMSAFAR,ANAND VIHAR TRM,ANVT,0.0,NER,77.31521255,28.6505035654
12596,GKP HUMSAFAR,ANAND VIHAR TRM,ANVT,0.0,NER,77.31521255,28.6505035654
12596,GKP HUMSAFAR,KANPUR CENTRAL,CNB,0.0,NER,80.350966,26.45424
12596,GKP HUMSAFAR,LUCKNOW NR,LKO,0.0,NER,80.925291,26.830675
12596,GKP HUMSAFAR,GONDA JN,GD,0.0,NER,81.97815200000000,27.154613
12596,GKP HUMSAFAR,BASTI,BST,0.0,NER,82.77005900000000,26.815678
12596,GKP HUMSAFAR,GORAKHPUR JN,GKP,0.0,NER,83.381499,26.759311
12751,NED JAT HUMSAFAR,H SAHIB NANDED,NED,3.0,SCR,77.31047800000000,19.160522
12751,NED JAT HUMSAFAR,PURNA JN,PAU,30.0,SCR,77.024985,19.180527
12751,NED JAT HUMSAFAR,HINGOLI DECCAN,HNL,37.0,SCR,77.146758,19.726357
12751,NED JAT HUMSAFAR,WASHIM,WHM,41.0,SCR,77.147986,20.103101
12751,NED JAT HUMSAFAR,AKOLA JN,AK,8.0,SCR,77.005497,20.723084
12751,NED JAT HUMSAFAR,SHEGAON,SEG,21.0,SCR,76.690331,20.801724
12751,NED JAT HUMSAFAR,MALKAPUR,MKU,33.0,SCR,76.202946,20.891974
12751,NED JAT HUMSAFAR,KHANDWA,KNW,9.0,SCR,76.353227,21.823596
12751,NED JAT HUMSAFAR,ITARSI JN,ET,11.0,SCR,77.767128,22.608258
12751,NED JAT HUMSAFAR,RANI KAMLAPATI,RKMP,13.0,SCR,77.4401,23.2216
12751,NED JAT HUMSAFAR,BINA JN,BINA,11.0,SCR,78.1831998,24.1709735
12751,NED JAT HUMSAFAR,V LAKSHMIBAI JHANSI,VGLJ,33.0,SCR,78.5533,25.4439
12751,NED JAT HUMSAFAR,GWALIOR,GWL,86.0,SCR,78.18229200000000,26.216483
12751,NED JAT HUMSAFAR,AGRA CANTT,AGC,108.0,SCR,77.990153,27.157992
12751,NED JAT HUMSAFAR,MATHURA JN,MTJ,141.0,SCR,77.67311700000000,27.480145
12751,NED JAT HUMSAFAR,NEW DELHI,NDLS,136.0,SCR,77.22000400000000,28.642314
12751,NED JAT HUMSAFAR,AMBALA CANT JN,UMB,164.0,SCR,76.826966,30.338918
12751,NED JAT HUMSAFAR,RAJPURA JN,RPJ,175.0,SCR,76.5940201901,30.486458949
12751,NED JAT HUMSAFAR,PATIALA,PTA,188.0,SCR,76.4041,30.344249
12751,NED JAT HUMSAFAR,DHURI JN,DUI,147.0,SCR,75.86660300000000,30.372741
12751,NED JAT HUMSAFAR,MALERKOTLA,MET,154.0,SCR,75.87169200000000,30.529403
12751,NED JAT HUMSAFAR,LUDHIANA JN,LDH,120.0,SCR,75.84787300000000,30.912367
12751,NED JAT HUMSAFAR,JALANDHAR CANT,JRC,117.0,SCR,75.63210600000000,31.306235
12751,NED JAT HUMSAFAR,PATHANKOT CANTT,PTKC,115.0,SCR,75.636044,32.2593
12751,NED JAT HUMSAFAR,JAMMU TAWI,JAT,98.0,SCR,74.880117,32.706975
12752,JAT NED HUMSAFAR,JAMMU TAWI,JAT,114.0,SCR,74.880117,32.706975
12752,JAT NED HUMSAFAR,PATHANKOT CANTT,PTKC,114.0,SCR,75.636044,32.2593
12752,JAT NED HUMSAFAR,JALANDHAR CANT,JRC,125.0,SCR,75.63210600000000,31.306235
12752,JAT NED HUMSAFAR,LUDHIANA JN,LDH,97.0,SCR,75.84787300000000,30.912367
12752,JAT NED HUMSAFAR,MALERKOTLA,MET,99.0,SCR,75.87169200000000,30.529403
12752,JAT NED HUMSAFAR,DHURI JN,DUI,99.0,SCR,75.86660300000000,30.372741
12752,JAT NED HUMSAFAR,PATIALA,PTA,107.0,SCR,76.4041,30.344249
12752,JAT NED HUMSAFAR,RAJPURA JN,RPJ,104.0,SCR,76.5940201901,30.486458949
12752,JAT NED HUMSAFAR,AMBALA CANT JN,UMB,97.0,SCR,76.826966,30.338918
12752,JAT NED HUMSAFAR,NEW DELHI,NDLS,111.0,SCR,77.22000400000000,28.642314
12752,JAT NED HUMSAFAR,MATHURA JN,MTJ,143.0,SCR,77.67311700000000,27.480145
12752,JAT NED HUMSAFAR,AGRA CANTT,AGC,147.0,SCR,77.990153,27.157992
12752,JAT NED HUMSAFAR,GWALIOR,GWL,146.0,SCR,78.18229200000000,26.216483
12752,JAT NED HUMSAFAR,V LAKSHMIBAI JHANSI,VGLJ,144.0,SCR,78.5533,25.4439
12752,JAT NED HUMSAFAR,BINA JN,BINA,173.0,SCR,78.1831998,24.1709735
12752,JAT NED HUMSAFAR,RANI KAMLAPATI,RKMP,203.0,SCR,77.4401,23.2216
12752,JAT NED HUMSAFAR,ITARSI JN,ET,224.0,SCR,77.767128,22.608258
12752,JAT NED HUMSAFAR,KHANDWA,KNW,257.0,SCR,76.353227,21.823596
12752,JAT NED HUMSAFAR,MALKAPUR,MKU,269.0,SCR,76.202946,20.891974
12752,JAT NED HUMSAFAR,SHEGAON,SEG,296.0,SCR,76.690331,20.801724
12752,JAT NED HUMSAFAR,AKOLA JN,AK,242.0,SCR,77.005497,20.723084
12752,JAT NED HUMSAFAR,WASHIM,WHM,244.0,SCR,77.147986,20.103101
12752,JAT NED HUMSAFAR,HINGOLI DECCAN,HNL,256.0,SCR,77.146758,19.726357
12752,JAT NED HUMSAFAR,PURNA JN,PAU,266.0,SCR,77.024985,19.180527
12752,JAT NED HUMSAFAR,H SAHIB NANDED,NED,233.0,SCR,77.31047800000000,19.160522
15705,CHAMPARAN HUMSFR,KATIHAR JN,KIR,20.0,ECR,87.566409,25.548947
15705,CHAMPARAN HUMSFR,NAUGACHIA,NNA,33.0,ECR,87.09387,25.385261
15705,CHAMPARAN HUMSFR,KHAGARIA JN,KGG,31.0,ECR,86.46525100000000,25.505891
15705,CHAMPARAN HUMSFR,SAMASTIPUR JN,SPJ,30.0,ECR,85.78736,25.858304
15705,CHAMPARAN HUMSFR,MUZAFFARPUR JN,MFP,36.0,ECR,85.378006,26.122311
15705,CHAMPARAN HUMSFR,CHAKIA,CAA,57.0,ECR,85.04636,26.417182
15705,CHAMPARAN HUMSFR,BAPUDHAM MOTIHARI,BMKI,61.0,ECR,84.90529000000000,26.655733
15705,CHAMPARAN HUMSFR,BETTIAH,BTH,69.0,ECR,84.5229561,26.8058847
15705,CHAMPARAN HUMSFR,NARKATIAGANJ JN,NKE,54.0,ECR,84.464045,27.105035
15705,CHAMPARAN HUMSFR,SISWA BAZAR,SBZ,36.0,ECR,83.7563490747,27.1495669522
15705,CHAMPARAN HUMSFR,GORAKHPUR JN,GKP,33.0,ECR,83.381499,26.759311
15705,CHAMPARAN HUMSFR,SIDDHARTH NAGAR,SDDN,41.0,ECR,,
15705,CHAMPARAN HUMSFR,TULSIPUR,TLR,63.0,ECR,82.4114096783,27.5317699289
15705,CHAMPARAN HUMSFR,BALRAMPUR,BLP,55.0,ECR,82.16066989870000,27.4158206073
15705,CHAMPARAN HUMSFR,GONDA JN,GD,35.0,ECR,81.97815200000000,27.154613
15705,CHAMPARAN HUMSFR,LUCKNOW NR,LKO,21.0,ECR,80.925291,26.830675
15705,CHAMPARAN HUMSFR,KANPUR CENTRAL,CNB,34.0,ECR,80.350966,26.45424
15705,CHAMPARAN HUMSFR,ALIGARH JN,ALJN,83.0,ECR,78.074559,27.889584
15705,CHAMPARAN HUMSFR,DELHI,DLI,89.0,ECR,77.228356,28.661816
15706,CHAMPARAN HMSFR,DELHI,DLI,49.0,NFR,77.228356,28.661816
15706,CHAMPARAN HMSFR,ALIGARH JN,ALJN,107.0,NFR,78.074559,27.889584
15706,CHAMPARAN HMSFR,KANPUR CENTRAL,CNB,141.0,NFR,80.350966,26.45424
15706,CHAMPARAN HMSFR,LUCKNOW NR,LKO,193.0,NFR,80.925291,26.830675
15706,CHAMPARAN HMSFR,GONDA JN,GD,206.0,NFR,81.97815200000000,27.154613
15706,CHAMPARAN HMSFR,BALRAMPUR,BLP,206.0,NFR,82.16066989870000,27.4158206073
15706,CHAMPARAN HMSFR,TULSIPUR,TLR,201.0,NFR,82.4114096783,27.5317699289
15706,CHAMPARAN HMSFR,SIDDHARTH NAGAR,SDDN,217.0,NFR,,
15706,CHAMPARAN HMSFR,GORAKHPUR JN,GKP,179.0,NFR,83.381499,26.759311
15706,CHAMPARAN HMSFR,SISWA BAZAR,SBZ,199.0,NFR,83.7563490747,27.1495669522
15706,CHAMPARAN HMSFR,NARKATIAGANJ JN,NKE,191.0,NFR,84.464045,27.105035
15706,CHAMPARAN HMSFR,BETTIAH,BTH,211.0,NFR,84.5229561,26.8058847
15706,CHAMPARAN HMSFR,BAPUDHAM MOTIHARI,BMKI,222.0,NFR,84.90529000000000,26.655733
15706,CHAMPARAN HMSFR,CHAKIA,CAA,224.0,NFR,85.04636,26.417182
15706,CHAMPARAN HMSFR,MUZAFFARPUR JN,MFP,189.0,NFR,85.378006,26.122311
15706,CHAMPARAN HMSFR,SAMASTIPUR JN,SPJ,212.0,NFR,85.78736,25.858304
15706,CHAMPARAN HMSFR,KHAGARIA JN,KGG,194.0,NFR,86.46525100000000,25.505891
15706,CHAMPARAN HMSFR,NAUGACHIA,NNA,198.0,NFR,87.09387,25.385261
15706,CHAMPARAN HMSFR,KATIHAR JN,KIR,172.0,NFR,87.566409,25.548947
15778,APDJ NJP TOURIST,ALIPUR DUAR JN,APDJ,6.0,NFR,89.534048,26.523279
15778,APDJ NJP TOURIST,RAJA BHAT KHAWA,RVK,5.0,NFR,89.528605351,26.6201438112
15778,APDJ NJP TOURIST,HASIMARA,HSA,8.0,NFR,89.347661,26.72689
15778,APDJ NJP TOURIST,MADARIHAT,MDT,9.0,NFR,89.274559021,26.694551388
15778,APDJ NJP TOURIST,CHALSA JN,CLD,20.0,NFR,88.798213,26.882215
15778,APDJ NJP TOURIST,NEW MAL JN,NMZ,19.0,NFR,88.724837,26.87368
15778,APDJ NJP TOURIST,SIVOK,SVQ,28.0,NFR,88.468742,26.880144
15778,APDJ NJP TOURIST,SILIGURI JN,SGUJ,10.0,NFR,88.413663,26.723204
15778,APDJ NJP TOURIST,NEW JALPAIGURI,NJP,34.0,NFR,88.443391,26.683025
16319,BAND HUMSAFAR,TRIVANDRUM NORTH,TVCN,4.0,SR,76.897,8.509
16319,BAND HUMSAFAR,Unknown Station,KCVL,5.0,SR,76.8961,8.509254
16319,BAND HUMSAFAR,KOLLAM JN,QLN,13.0,SR,76.59675300000000,8.886586
16319,BAND HUMSAFAR,CHENGANNUR,CNGR,23.0,SR,76.608271,9.319504
16319,BAND HUMSAFAR,KOTTAYAM,KTYM,21.0,SR,76.532168,9.594177
16319,BAND HUMSAFAR,ERNAKULAM TOWN,ERN,7.0,SR,76.2861,9.991582
16319,BAND HUMSAFAR,THRISUR,TCR,13.0,SR,76.207919,10.51479
16319,BAND HUMSAFAR,PALAKKAD JN,PGT,15.0,SR,76.641926,10.802091
16319,BAND HUMSAFAR,COIMBATORE JN,CBE,8.0,SR,76.966298,10.997639
16319,BAND HUMSAFAR,ERODE JN,ED,9.0,SR,77.72593400000000,11.327682
16319,BAND HUMSAFAR,SALEM JN,SA,10.0,SR,78.113415,11.671726
16319,BAND HUMSAFAR,BANGARAPET,BWT,9.0,SR,78.178188,12.984808
16319,BAND HUMSAFAR,KRISHNARAJAPURM,KJM,19.0,SR,77.674016,13.000534
16320,KCVL HUMSAFAR,SMVT BENGALURU,SMVB,5.0,SR,77.6418,13.0006
16320,KCVL HUMSAFAR,KRISHNARAJAPURM,KJM,9.0,SR,77.674016,13.000534
16320,KCVL HUMSAFAR,WHITEFIELD,WFD,15.0,SR,77.76130500000000,12.995253
16320,KCVL HUMSAFAR,BANGARAPET,BWT,20.0,SR,78.178188,12.984808
16320,KCVL HUMSAFAR,SALEM JN,SA,14.0,SR,78.113415,11.671726
16320,KCVL HUMSAFAR,ERODE JN,ED,17.0,SR,77.72593400000000,11.327682
16320,KCVL HUMSAFAR,COIMBATORE JN,CBE,12.0,SR,76.966298,10.997639
16320,KCVL HUMSAFAR,PALAKKAD JN,PGT,26.0,SR,76.641926,10.802091
16320,KCVL HUMSAFAR,THRISUR,TCR,30.0,SR,76.207919,10.51479
16320,KCVL HUMSAFAR,ERNAKULAM TOWN,ERN,30.0,SR,76.2861,9.991582
16320,KCVL HUMSAFAR,KOTTAYAM,KTYM,10.0,SR,76.532168,9.594177
16320,KCVL HUMSAFAR,CHENGANNUR,CNGR,9.0,SR,76.608271,9.319504
16320,KCVL HUMSAFAR,KOLLAM JN,QLN,21.0,SR,76.59675300000000,8.886586
16320,KCVL HUMSAFAR,TRIVANDRUM NORTH,TVCN,3.0,SR,76.897,8.509
16320,KCVL HUMSAFAR,Unknown Station,KCVL,8.0,SR,76.8961,8.509254
17321,VSG JSME EXP,VASCO DA GAMA,VSG,3.0,SWR,73.813425,15.397241
17321,VSG JSME EXP,MADGAON,MAO,17.0,SWR,73.97072400000000,15.267911
17321,VSG JSME EXP,SANVERDAM CHUCH,SVM,19.0,SWR,74.10866,15.264064
17321,VSG JSME EXP,KULEM,QLM,50.0,SWR,74.24423,15.334036
17321,VSG JSME EXP,CASTLE ROCK,CLR,58.0,SWR,74.334484,15.397879
17321,VSG JSME EXP,LONDA JN,LD,65.0,SWR,74.496982,15.450273
17321,VSG JSME EXP,DHARWAR,DWR,59.0,SWR,75.004552,15.440386
17321,VSG JSME EXP,HUBBALLI JN,UBL,35.0,SWR,75.148104,15.350302
17321,VSG JSME EXP,GADAG JN,GDG,44.0,SWR,75.642481,15.437048
17321,VSG JSME EXP,KOPPAL,KBL,51.0,SWR,76.14395900000000,15.353868
17321,VSG JSME EXP,HOSPET JN,HPT,58.0,SWR,76.38578,15.286807
17321,VSG JSME EXP,TORANAGALLU,TNGL,61.0,SWR,76.66392400000000,15.203137
17321,VSG JSME EXP,BELLARY JN,BAY,11.0,SWR,76.921995,15.145135
17321,VSG JSME EXP,GUNTAKAL JN,GTL,24.0,SWR,77.36661100000000,15.17556
17321,VSG JSME EXP,RAICHUR,RC,31.0,SWR,77.339165,16.192441
17321,VSG JSME EXP,VIKARABAD JN,VKB,46.0,SWR,77.90940900000000,17.337132
17321,VSG JSME EXP,SECUNDERABAD JN,SC,41.0,SWR,78.50148100000000,17.433147
17321,VSG JSME EXP,KAZIPET JN,KZJ,65.0,SWR,79.511025,17.974211
17321,VSG JSME EXP,MANCHIRYAL,MCI,72.0,SWR,79.448848,18.878745
17321,VSG JSME EXP,BALHARSHAH,BPQ,27.0,SWR,79.3485858,19.8490173
17321,VSG JSME EXP,GONDIA JN,G,61.0,SWR,80.190842,21.462435
17321,VSG JSME EXP,DURG,DURG,48.0,SWR,81.291837,21.200327
17321,VSG JSME EXP,RAIPUR JN,R,58.0,SWR,81.629328,21.256462
17321,VSG JSME EXP,BILASPUR JN,BSP,55.0,SWR,82.167585,22.057473
17321,VSG JSME EXP,JHARSUGUDA JN,JSG,93.0,SWR,84.017427,21.862274
17321,VSG JSME EXP,ROURKELA,ROU,151.0,SWR,84.86313200000000,22.22844
17321,VSG JSME EXP,HATIA,HTE,180.0,SWR,85.308218,23.311613
17321,VSG JSME EXP,RANCHI,RNC,185.0,SWR,85.33352,23.348811
17321,VSG JSME EXP,MURI,MURI,180.0,SWR,85.8669906885,23.376284371
17321,VSG JSME EXP,BOKARO STL CITY,BKSC,152.0,SWR,86.08501600000000,23.656551
17321,VSG JSME EXP,CHANDRAPURA,CRP,151.0,SWR,86.119775,23.755676
17321,VSG JSME EXP,KATRASGARH,KTH,155.0,SWR,86.302399,23.795757
17321,VSG JSME EXP,DHANBAD JN,DHN,144.0,SWR,86.428956,23.790966
17321,VSG JSME EXP,BARAKAR,BRR,147.0,SWR,86.818859,23.7416829
17321,VSG JSME EXP,CHITTARANJAN,CRJ,154.0,SWR,86.878036,23.857138
17321,VSG JSME EXP,MADHUPUR JN,MDP,154.0,SWR,86.642183,24.270633
17321,VSG JSME EXP,JASIDIH JN,JSME,115.0,SWR,86.644255,24.514517
17322,JSME VSG EXP,JASIDIH JN,JSME,5.0,SWR,86.644255,24.514517
17322,JSME VSG EXP,MADHUPUR JN,MDP,15.0,SWR,86.642183,24.270633
17322,JSME VSG EXP,CHITTARANJAN,CRJ,7.0,SWR,86.878036,23.857138
17322,JSME VSG EXP,BARAKAR,BRR,6.0,SWR,86.818859,23.7416829
17322,JSME VSG EXP,DHANBAD JN,DHN,3.0,SWR,86.428956,23.790966
17322,JSME VSG EXP,KATRASGARH,KTH,7.0,SWR,86.302399,23.795757
17322,JSME VSG EXP,CHANDRAPURA,CRP,17.0,SWR,86.119775,23.755676
17322,JSME VSG EXP,BOKARO STL CITY,BKSC,5.0,SWR,86.08501600000000,23.656551
17322,JSME VSG EXP,MURI,MURI,4.0,SWR,85.8669906885,23.376284371
17322,JSME VSG EXP,RANCHI,RNC,6.0,SWR,85.33352,23.348811
17322,JSME VSG EXP,HATIA,HTE,9.0,SWR,85.308218,23.311613
17322,JSME VSG EXP,ROURKELA,ROU,25.0,SWR,84.86313200000000,22.22844
17322,JSME VSG EXP,JHARSUGUDA JN,JSG,32.0,SWR,84.017427,21.862274
17322,JSME VSG EXP,BILASPUR JN,BSP,85.0,SWR,82.167585,22.057473
17322,JSME VSG EXP,RAIPUR JN,R,92.0,SWR,81.629328,21.256462
17322,JSME VSG EXP,DURG,DURG,80.0,SWR,81.291837,21.200327
17322,JSME VSG EXP,GONDIA JN,G,84.0,SWR,80.190842,21.462435
17322,JSME VSG EXP,BALHARSHAH,BPQ,70.0,SWR,79.3485858,19.8490173
17322,JSME VSG EXP,MANCHIRYAL,MCI,118.0,SWR,79.448848,18.878745
17322,JSME VSG EXP,KAZIPET JN,KZJ,143.0,SWR,79.511025,17.974211
17322,JSME VSG EXP,SECUNDERABAD JN,SC,151.0,SWR,78.50148100000000,17.433147
17322,JSME VSG EXP,VIKARABAD JN,VKB,202.0,SWR,77.90940900000000,17.337132
17322,JSME VSG EXP,RAICHUR,RC,93.0,SWR,77.339165,16.192441
17322,JSME VSG EXP,GUNTAKAL JN,GTL,65.0,SWR,77.36661100000000,15.17556
17322,JSME VSG EXP,BELLARY JN,BAY,77.0,SWR,76.921995,15.145135
17322,JSME VSG EXP,TORANAGALLU,TNGL,80.0,SWR,76.66392400000000,15.203137
17322,JSME VSG EXP,HOSPET JN,HPT,96.0,SWR,76.38578,15.286807
17322,JSME VSG EXP,KOPPAL,KBL,94.0,SWR,76.14395900000000,15.353868
17322,JSME VSG EXP,GADAG JN,GDG,99.0,SWR,75.642481,15.437048
17322,JSME VSG EXP,HUBBALLI JN,UBL,108.0,SWR,75.148104,15.350302
17322,JSME VSG EXP,DHARWAR,DWR,109.0,SWR,75.004552,15.440386
17322,JSME VSG EXP,LONDA JN,LD,118.0,SWR,74.496982,15.450273
17322,JSME VSG EXP,CASTLE ROCK,CLR,122.0,SWR,74.334484,15.397879
17322,JSME VSG EXP,KULEM,QLM,135.0,SWR,74.24423,15.334036
17322,JSME VSG EXP,SANVERDAM CHUCH,SVM,150.0,SWR,74.10866,15.264064
17322,JSME VSG EXP,MADGAON,MAO,145.0,SWR,73.97072400000000,15.267911
17322,JSME VSG EXP,VASCO DA GAMA,VSG,110.0,SWR,73.813425,15.397241
17663,RC PBN EXPRESS,RAICHUR,RC,7.0,SCR,77.339165,16.192441
17663,RC PBN EXPRESS,SAIDAPUR,SADP,23.0,SCR,77.2497912268,16.5700011556
17663,RC PBN EXPRESS,YADGIR,YG,23.0,SCR,77.13036600000000,16.744396
17663,RC PBN EXPRESS,CHITTAPUR,CT,22.0,SCR,77.09045160000000,17.1197808
17663,RC PBN EXPRESS,SERAM,SEM,21.0,SCR,77.28353,17.180683
17663,RC PBN EXPRESS,TANDUR,TDU,6.0,SCR,77.585037,17.25044
17663,RC PBN EXPRESS,VIKARABAD JN,VKB,24.0,SCR,77.90940900000000,17.337132
17663,RC PBN EXPRESS,LINGAMPALLI,LPI,41.0,SCR,78.31677400000000,17.482874
17663,RC PBN EXPRESS,BEGUMPET,BMT,28.0,SCR,78.4586266,17.4388739
17663,RC PBN EXPRESS,SECUNDERABAD JN,SC,39.0,SCR,78.50148100000000,17.433147
17663,RC PBN EXPRESS,MALKAJGIRI,MJF,47.0,SCR,78.529606,17.448392
17663,RC PBN EXPRESS,BOLARUM,BMO,47.0,SCR,78.5154167,17.5335493
17663,RC PBN EXPRESS,MEDCHAL,MED,48.0,SCR,78.474557,17.639335
17663,RC PBN EXPRESS,MANOHARABAD,MOB,52.0,SCR,78.45439600000000,17.75573
17663,RC PBN EXPRESS,WADIARAM,WDR,63.0,SCR,78.455417,17.972607
17663,RC PBN EXPRESS,MIRZAPALI,MZL,64.0,SCR,78.41529900000000,18.017963
17663,RC PBN EXPRESS,AKANAPET,AKE,68.0,SCR,78.39630900000000,18.110863
17663,RC PBN EXPRESS,KAMAREDDI,KMC,66.0,SCR,78.335858,18.32586
17663,RC PBN EXPRESS,NIZAMABAD,NZB,77.0,SCR,78.103238,18.679165
17663,RC PBN EXPRESS,NAVIPET,NVT,80.0,SCR,78.013194,18.770457
17663,RC PBN EXPRESS,BASAR,BSX,76.0,SCR,77.938506,18.86512
17663,RC PBN EXPRESS,DHARMABAD,DAB,71.0,SCR,77.8493415012,18.8882603101
17663,RC PBN EXPRESS,UMRI,UMRI,49.0,SCR,77.642682,19.0418
17663,RC PBN EXPRESS,MUDKHED,MUE,33.0,SCR,77.509661,19.148087
17663,RC PBN EXPRESS,H SAHIB NANDED,NED,32.0,SCR,77.31047800000000,19.160522
17663,RC PBN EXPRESS,PURNA JN,PAU,39.0,SCR,77.024985,19.180527
17663,RC PBN EXPRESS,PARBHANI JN,PBN,3.0,SCR,76.774119,19.25746
17664,NED RC EXPRESS,H SAHIB NANDED,NED,8.0,SCR,77.31047800000000,19.160522
17664,NED RC EXPRESS,MUDKHED,MUE,8.0,SCR,77.509661,19.148087
17664,NED RC EXPRESS,UMRI,UMRI,24.0,SCR,77.642682,19.0418
17664,NED RC EXPRESS,DHARMABAD,DAB,25.0,SCR,77.8493415012,18.8882603101
17664,NED RC EXPRESS,BASAR,BSX,30.0,SCR,77.938506,18.86512
17664,NED RC EXPRESS,NAVIPET,NVT,32.0,SCR,78.013194,18.770457
17664,NED RC EXPRESS,NIZAMABAD,NZB,44.0,SCR,78.103238,18.679165
17664,NED RC EXPRESS,KAMAREDDI,KMC,49.0,SCR,78.335858,18.32586
17664,NED RC EXPRESS,AKANAPET,AKE,43.0,SCR,78.39630900000000,18.110863
17664,NED RC EXPRESS,MIRZAPALI,MZL,46.0,SCR,78.41529900000000,18.017963
17664,NED RC EXPRESS,WADIARAM,WDR,46.0,SCR,78.455417,17.972607
17664,NED RC EXPRESS,MASAIPET,ME,49.0,SCR,78.4669570667,17.8805365542
17664,NED RC EXPRESS,MANOHARABAD,MOB,43.0,SCR,78.45439600000000,17.75573
17664,NED RC EXPRESS,MEDCHAL,MED,42.0,SCR,78.474557,17.639335
17664,NED RC EXPRESS,GOWDAVALLI,GWV,13.0,SCR,78.46819100000000,17.609541
17664,NED RC EXPRESS,BOLARUM,BMO,49.0,SCR,78.5154167,17.5335493
17664,NED RC EXPRESS,MALKAJGIRI,MJF,15.0,SCR,78.529606,17.448392
17664,NED RC EXPRESS,SECUNDERABAD JN,SC,22.0,SCR,78.50148100000000,17.433147
17664,NED RC EXPRESS,BEGUMPET,BMT,22.0,SCR,78.4586266,17.4388739
17664,NED RC EXPRESS,LINGAMPALLI,LPI,38.0,SCR,78.31677400000000,17.482874
17664,NED RC EXPRESS,VIKARABAD JN,VKB,56.0,SCR,77.90940900000000,17.337132
17664,NED RC EXPRESS,TANDUR,TDU,67.0,SCR,77.585037,17.25044
17664,NED RC EXPRESS,SERAM,SEM,65.0,SCR,77.28353,17.180683
17664,NED RC EXPRESS,CHITTAPUR,CT,86.0,SCR,77.09045160000000,17.1197808
17664,NED RC EXPRESS,YADGIR,YG,92.0,SCR,77.13036600000000,16.744396
17664,NED RC EXPRESS,SAIDAPUR,SADP,96.0,SCR,77.2497912268,16.5700011556
17664,NED RC EXPRESS,RAICHUR,RC,29.0,SCR,77.339165,16.192441
18044,BAGHA JATIN EXP,BHADRAKH,BHC,8.0,SER,86.5162305,21.0917458
18044,BAGHA JATIN EXP,RANITAL,RNTL,11.0,SER,86.55647400000000,21.149665
18044,BAGHA JATIN EXP,MARKONA,MKO,12.0,SER,86.596117,21.195555
18044,BAGHA JATIN EXP,SABIRA,SZZ,11.0,SER,86.62923700000000,21.236882
18044,BAGHA JATIN EXP,SORO,SORO,15.0,SER,86.69253900000000,21.291084
18044,BAGHA JATIN EXP,BAHANAGA BAZAR,BNBR,17.0,SER,86.76172839,21.33613403
18044,BAGHA JATIN EXP,PANPANA PH,PNPN,16.0,SER,86.790524,21.358715
18044,BAGHA JATIN EXP,KHANTAPARA,KHF,17.0,SER,86.822911,21.39628
18044,BAGHA JATIN EXP,NILGIRI ROAD,NGRD,19.0,SER,86.855469,21.426415
18044,BAGHA JATIN EXP,BALASORE,BLS,20.0,SER,86.91958200000000,21.500521
18044,BAGHA JATIN EXP,TIKIRAPAL P H,TKPL,19.0,SER,86.944638,21.535575
18044,BAGHA JATIN EXP,HALDIPADA,HIP,24.0,SER,86.996648,21.571439
18044,BAGHA JATIN EXP,RUPSA JN,ROP,26.0,SER,87.018507,21.621995
18044,BAGHA JATIN EXP,NUAGAON MAYURBHANJ ROAD,NMBR,25.0,SER,87.038724,21.666901
18044,BAGHA JATIN EXP,BASTA,BTS,30.0,SER,87.0637831,21.7029241
18044,BAGHA JATIN EXP,AMARDA ROAD,ARD,34.0,SER,87.102374,21.734258
18044,BAGHA JATIN EXP,RAJGHAT PH,RGT,27.0,SER,87.15507600000000,21.764462
18044,BAGHA JATIN EXP,JALESWAR,JER,36.0,SER,87.22049100000000,21.79749
18044,BAGHA JATIN EXP,LAKSHANNATH ROAD,LXD,38.0,SER,87.25095300000000,21.842011
18044,BAGHA JATIN EXP,ANGUA P H,AGV,16.0,SER,87.26992300000000,21.892582
18044,BAGHA JATIN EXP,DANTAN,DNT,45.0,SER,87.284055,21.930376
18044,BAGHA JATIN EXP,NIKURSINI,NSI,47.0,SER,87.30618600000000,22.004654
18044,BAGHA JATIN EXP,BELDA,BLDA,45.0,SER,87.33691374,22.07144398
18044,BAGHA JATIN EXP,BAKHRABAD,VKD,48.0,SER,87.36345,22.118541
18044,BAGHA JATIN EXP,NARAYANGARH,NYA,49.0,SER,87.380456,22.174233
18044,BAGHA JATIN EXP,BENAPUR,BPE,54.0,SER,87.37624084000000,22.27135231
18044,BAGHA JATIN EXP,HIJILLI,HIJ,54.0,SER,87.32016900000000,22.319921
18044,BAGHA JATIN EXP,KHARAGPUR JN,KGP,34.0,SER,87.32845600000000,22.341432
18044,BAGHA JATIN EXP,JAKPUR,JPR,38.0,SER,87.389853,22.362509
18044,BAGHA JATIN EXP,MADPUR,MPD,39.0,SER,87.44326800000000,22.369694
18044,BAGHA JATIN EXP,SHYAM CHAK,SMCK,41.0,SER,87.500479,22.363451
18044,BAGHA JATIN EXP,BALICHAK,BCK,42.0,SER,87.55335416,22.35818589
18044,BAGHA JATIN EXP,RADHAMOHANPUR,RDU,41.0,SER,87.612611,22.356484
18044,BAGHA JATIN EXP,HAUR,HAUR,43.0,SER,87.655069,22.365254
18044,BAGHA JATIN EXP,PANSKURA,PKU,43.0,SER,87.7430237079,22.393102763
18044,BAGHA JATIN EXP,MECHEDA,MCA,43.0,SER,87.85883,22.414105
18044,BAGHA JATIN EXP,BAGNAN,BZN,52.0,SER,87.97071100000000,22.462515
18044,BAGHA JATIN EXP,ULUBARIA,ULB,56.0,SER,88.093209,22.472428
18044,BAGHA JATIN EXP,SANTRAGACHI JN,SRC,67.0,SER,88.284011,22.58393
18044,BAGHA JATIN EXP,HOWRAH JN,HWH,47.0,SER,88.34099900000000,22.584078
18250,HASDEO EXP SPL,KORBA,KRBA,1.0,SECR,82.71301300000000,22.337584
18250,HASDEO EXP SPL,CHAMPA,CPH,6.0,SECR,82.665149,22.034731
18250,HASDEO EXP SPL,NAILA,NIA,10.0,SECR,82.56458900000000,22.022964
18250,HASDEO EXP SPL,AKALTARA,AKT,9.0,SECR,82.422049,22.029121
18250,HASDEO EXP SPL,BILASPUR JN,BSP,2.0,SECR,82.167585,22.057473
18250,HASDEO EXP SPL,BELHA,BYL,4.0,SECR,82.077189,21.961973
18250,HASDEO EXP SPL,BHATAPARA,BYT,7.0,SECR,81.946062,21.732464
18250,HASDEO EXP SPL,TILDA,TLD,5.0,SECR,81.794586,21.550734
19091,GKP HUMSAFAR,BANDRA TERMINUS,BDTS,0.0,WR,72.840535,19.061911
19091,GKP HUMSAFAR,BORIVALI,BVI,8.0,WR,72.85641200000000,19.228739
19091,GKP HUMSAFAR,VAPI,VAPI,6.0,WR,72.90912700000000,20.374338
19091,GKP HUMSAFAR,SURAT,ST,8.0,WR,72.840793,21.206568
19091,GKP HUMSAFAR,VADODARA JN,BRC,7.0,WR,73.181065,22.310756
19091,GKP HUMSAFAR,DAHOD,DHD,12.0,WR,74.25337400000000,22.843607
19091,GKP HUMSAFAR,RATLAM JN,RTM,3.0,WR,75.050826,23.34038
19091,GKP HUMSAFAR,NAGDA JN,NAD,2.0,WR,75.41249100000000,23.45592
19091,GKP HUMSAFAR,UJJAIN JN,UJN,8.0,WR,75.781403,23.178154
19091,GKP HUMSAFAR,SHUJALPUR,SJP,7.0,WR,76.72347500000000,23.381236
19091,GKP HUMSAFAR,SANT HIRDARAM NAGAR,SHRN,1.0,WR,,
19091,GKP HUMSAFAR,VIDISHA,BHS,13.0,WR,77.8148356,23.5222886
19091,GKP HUMSAFAR,BINA JN,BINA,2.0,WR,78.1831998,24.1709735
19091,GKP HUMSAFAR,SAUGOR,SGO,29.0,WR,78.74292,23.84735
19091,GKP HUMSAFAR,DAMOH,DMO,43.0,WR,79.432246,23.836693
19091,GKP HUMSAFAR,KATNI MURWARA,KMZ,70.0,WR,80.4014844,23.8343563
19091,GKP HUMSAFAR,MAIHAR,MYR,97.0,WR,80.763148,24.255485
19091,GKP HUMSAFAR,SATNA,STA,97.0,WR,80.827717,24.568619
19091,GKP HUMSAFAR,PRAYAGRAJ CHHEOKI,PCOI,71.0,WR,,
19091,GKP HUMSAFAR,VARANASI JN,BSB,91.0,WR,82.986468,25.327281
19091,GKP HUMSAFAR,MAU JN,MAU,202.0,WR,83.564347,25.93948
19091,GKP HUMSAFAR,BHATNI JN,BTT,214.0,WR,83.934035,26.381257
19091,GKP HUMSAFAR,DEORIA SADAR,DEOS,222.0,WR,83.7819590961,26.5076811676
19091,GKP HUMSAFAR,GORAKHPUR JN,GKP,196.0,WR,83.381499,26.759311
19092,BDTS HUMSFAR SPL,GORAKHPUR JN,GKP,156.0,WR,83.381499,26.759311
19092,BDTS HUMSFAR SPL,DEORIA SADAR,DEOS,163.0,WR,83.7819590961,26.5076811676
19092,BDTS HUMSFAR SPL,BHATNI JN,BTT,167.0,WR,83.934035,26.381257
19092,BDTS HUMSFAR SPL,MAU JN,MAU,212.0,WR,83.564347,25.93948
19092,BDTS HUMSFAR SPL,VARANASI JN,BSB,319.0,WR,82.986468,25.327281
19092,BDTS HUMSFAR SPL,PRAYAGRAJ CHHEOKI,PCOI,354.0,WR,,
19092,BDTS HUMSFAR SPL,SATNA,STA,370.0,WR,80.827717,24.568619
19092,BDTS HUMSFAR SPL,MAIHAR,MYR,371.0,WR,80.763148,24.255485
19092,BDTS HUMSFAR SPL,KATNI MURWARA,KMZ,366.0,WR,80.4014844,23.8343563
19092,BDTS HUMSFAR SPL,DAMOH,DMO,373.0,WR,79.432246,23.836693
19092,BDTS HUMSFAR SPL,SAUGOR,SGO,395.0,WR,78.74292,23.84735
19092,BDTS HUMSFAR SPL,BINA JN,BINA,356.0,WR,78.1831998,24.1709735
19092,BDTS HUMSFAR SPL,VIDISHA,BHS,371.0,WR,77.8148356,23.5222886
19092,BDTS HUMSFAR SPL,SANT HIRDARAM NAGAR,SHRN,357.0,WR,,
19092,BDTS HUMSFAR SPL,SHUJALPUR,SJP,362.0,WR,76.72347500000000,23.381236
19092,BDTS HUMSFAR SPL,UJJAIN JN,UJN,349.0,WR,75.781403,23.178154
19092,BDTS HUMSFAR SPL,NAGDA JN,NAD,342.0,WR,75.41249100000000,23.45592
19092,BDTS HUMSFAR SPL,RATLAM JN,RTM,330.0,WR,75.050826,23.34038
19092,BDTS HUMSFAR SPL,DAHOD,DHD,336.0,WR,74.25337400000000,22.843607
19092,BDTS HUMSFAR SPL,VADODARA JN,BRC,298.0,WR,73.181065,22.310756
19092,BDTS HUMSFAR SPL,UDHNA JN,UDN,552.0,WR,72.851461,21.171156
19092,BDTS HUMSFAR SPL,SURAT,ST,18.0,WR,72.840793,21.206568
19092,BDTS HUMSFAR SPL,VAPI,VAPI,324.0,WR,72.90912700000000,20.374338
19092,BDTS HUMSFAR SPL,BORIVALI,BVI,347.0,WR,72.85641200000000,19.228739
19092,BDTS HUMSFAR SPL,BANDRA TERMINUS,BDTS,319.0,WR,72.840535,19.061911
19435,ADI ASN EXP,AHMEDABAD JN,ADI,19.0,WR,72.601516,23.025515
19435,ADI ASN EXP,NADIAD JN,ND,25.0,WR,72.855718,22.694106
19435,ADI ASN EXP,ANAND JN,ANND,29.0,WR,72.965733,22.561307
19435,ADI ASN EXP,VADODARA JN,BRC,25.0,WR,73.181065,22.310756
19435,ADI ASN EXP,UDHNA JN,UDN,26.0,WR,72.851461,21.171156
19435,ADI ASN EXP,SURAT,ST,4.0,WR,72.840793,21.206568
19435,ADI ASN EXP,NANDURBAR,NDB,8.0,WR,74.246482,21.374812
19435,ADI ASN EXP,DONDAICHA,DDE,9.0,WR,74.563104,21.331414
19435,ADI ASN EXP,AMALNER,AN,10.0,WR,75.057314,21.049009
19435,ADI ASN EXP,BHUSAVAL JN,BSL,20.0,WR,75.78867170000000,21.0472812
19435,ADI ASN EXP,ITARSI JN,ET,29.0,WR,77.767128,22.608258
19435,ADI ASN EXP,RANI KAMLAPATI,RKMP,28.0,WR,77.4401,23.2216
19435,ADI ASN EXP,LALITPUR,LAR,43.0,WR,78.395791,24.688222
19435,ADI ASN EXP,TIKAMGARH,TKMG,60.0,WR,78.8406655457,24.7672962666
19435,ADI ASN EXP,KHARGAPUR,KHGP,45.0,WR,,
19435,ADI ASN EXP,CHHATARPUR,MCSC,68.0,WR,,
19435,ADI ASN EXP,KHAJURAHO,KURJ,53.0,WR,79.8900217,24.7969839
19435,ADI ASN EXP,MAHOBA,MBA,55.0,WR,79.849079,25.306914
19435,ADI ASN EXP,BANDA JN,BNDA,73.0,WR,80.336246,25.477677
19435,ADI ASN EXP,BHARAT KUP,BTKP,80.0,WR,80.76767900000000,25.217166
19435,ADI ASN EXP,SHIVRAMPUR,SWC,87.0,WR,80.82678300000000,25.219375
19435,ADI ASN EXP,CHITRAKOOTDHAM,CKTD,97.0,WR,80.922775,25.217611
19435,ADI ASN EXP,PRAYAGRAJ CHHEOKI,PCOI,83.0,WR,,
19435,ADI ASN EXP,PT DEEN DAYAL UPADHYAY JN,DDU,54.0,WR,,
19435,ADI ASN EXP,BUXAR,BXR,72.0,WR,83.982184,25.562067
19435,ADI ASN EXP,ARA,ARA,82.0,WR,84.66259600000000,25.548889
19435,ADI ASN EXP,DANAPUR,DNR,89.0,WR,85.044629,25.581921
19435,ADI ASN EXP,PATNA JN,PNBE,77.0,WR,85.136824,25.60256
19435,ADI ASN EXP,JHAJHA,JAJ,58.0,WR,86.399854,24.779456
19435,ADI ASN EXP,JASIDIH JN,JSME,72.0,WR,86.644255,24.514517
19435,ADI ASN EXP,MADHUPUR JN,MDP,83.0,WR,86.642183,24.270633
19435,ADI ASN EXP,CHITTARANJAN,CRJ,85.0,WR,86.878036,23.857138
19435,ADI ASN EXP,ASANSOL JN,ASN,54.0,WR,86.975152,23.691441
19436,ASN ADI EXP,ASANSOL JN,ASN,1.0,WR,86.975152,23.691441
19436,ASN ADI EXP,CHITTARANJAN,CRJ,19.0,WR,86.878036,23.857138
19436,ASN ADI EXP,MADHUPUR JN,MDP,28.0,WR,86.642183,24.270633
19436,ASN ADI EXP,JASIDIH JN,JSME,37.0,WR,86.644255,24.514517
19436,ASN ADI EXP,JHAJHA,JAJ,19.0,WR,86.399854,24.779456
19436,ASN ADI EXP,PATNA JN,PNBE,61.0,WR,85.136824,25.60256
19436,ASN ADI EXP,DANAPUR,DNR,72.0,WR,85.044629,25.581921
19436,ASN ADI EXP,ARA,ARA,83.0,WR,84.66259600000000,25.548889
19436,ASN ADI EXP,BUXAR,BXR,95.0,WR,83.982184,25.562067
19436,ASN ADI EXP,PT DEEN DAYAL UPADHYAY JN,DDU,47.0,WR,,
19436,ASN ADI EXP,PRAYAGRAJ CHHEOKI,PCOI,89.0,WR,,
19436,ASN ADI EXP,CHITRAKOOTDHAM,CKTD,122.0,WR,80.922775,25.217611
19436,ASN ADI EXP,SHIVRAMPUR,SWC,162.0,WR,80.82678300000000,25.219375
19436,ASN ADI EXP,BHARAT KUP,BTKP,169.0,WR,80.76767900000000,25.217166
19436,ASN ADI EXP,BANDA JN,BNDA,144.0,WR,80.336246,25.477677
19436,ASN ADI EXP,MAHOBA,MBA,156.0,WR,79.849079,25.306914
19436,ASN ADI EXP,KHAJURAHO,KURJ,176.0,WR,79.8900217,24.7969839
19436,ASN ADI EXP,CHHATARPUR,MCSC,186.0,WR,,
19436,ASN ADI EXP,KHARGAPUR,KHGP,191.0,WR,,
19436,ASN ADI EXP,TIKAMGARH,TKMG,216.0,WR,78.8406655457,24.7672962666
19436,ASN ADI EXP,LALITPUR,LAR,186.0,WR,78.395791,24.688222
19436,ASN ADI EXP,RANI KAMLAPATI,RKMP,142.0,WR,77.4401,23.2216
19436,ASN ADI EXP,ITARSI JN,ET,147.0,WR,77.767128,22.608258
19436,ASN ADI EXP,BHUSAVAL JN,BSL,126.0,WR,75.78867170000000,21.0472812
19436,ASN ADI EXP,AMALNER,AN,108.0,WR,75.057314,21.049009
19436,ASN ADI EXP,DONDAICHA,DDE,107.0,WR,74.563104,21.331414
19436,ASN ADI EXP,NANDURBAR,NDB,106.0,WR,74.246482,21.374812
19436,ASN ADI EXP,UDHNA JN,UDN,138.0,WR,72.851461,21.171156
19436,ASN ADI EXP,SURAT,ST,80.0,WR,72.840793,21.206568
19436,ASN ADI EXP,VADODARA JN,BRC,121.0,WR,73.181065,22.310756
19436,ASN ADI EXP,ANAND JN,ANND,121.0,WR,72.965733,22.561307
19436,ASN ADI EXP,NADIAD JN,ND,126.0,WR,72.855718,22.694106
19436,ASN ADI EXP,AHMEDABAD JN,ADI,105.0,WR,72.601516,23.025515
19667,MYS HUMSAFAR EXP,UDAIPUR CITY,UDZ,1.0,NWR,73.699632,24.566862
19667,MYS HUMSAFAR EXP,CHITTAURGARH,COR,2.0,NWR,74.623687,24.874341
19667,MYS HUMSAFAR EXP,NIMACH,NMH,4.0,NWR,74.853025,24.459873
19667,MYS HUMSAFAR EXP,MANDASOR,MDS,10.0,NWR,75.07634300000000,24.075937
19667,MYS HUMSAFAR EXP,RATLAM JN,RTM,1.0,NWR,75.050826,23.34038
19667,MYS HUMSAFAR EXP,VADODARA JN,BRC,8.0,NWR,73.181065,22.310756
19667,MYS HUMSAFAR EXP,UDHNA JN,UDN,21.0,NWR,72.851461,21.171156
19667,MYS HUMSAFAR EXP,SURAT,ST,6.0,NWR,72.840793,21.206568
19667,MYS HUMSAFAR EXP,VASAI ROAD,BSR,29.0,NWR,72.8322217,19.3824486
19667,MYS HUMSAFAR EXP,KALYAN JN,KYN,14.0,NWR,73.12974,19.234716
19667,MYS HUMSAFAR EXP,PUNE JN,PUNE,55.0,NWR,73.873086,18.529378
19667,MYS HUMSAFAR EXP,SANGLI,SLI,13.0,NWR,74.588939,16.858669
19667,MYS HUMSAFAR EXP,MIRAJ JN,MRJ,2.0,NWR,74.638839,16.819946
19667,MYS HUMSAFAR EXP,BELAGAVI,BGM,2.0,NWR,74.5095639,15.8492433
19667,MYS HUMSAFAR EXP,HUBBALLI JN,UBL,10.0,NWR,75.148104,15.350302
19667,MYS HUMSAFAR EXP,DAVANGERE,DVG,2.0,NWR,75.92229,14.467834
19667,MYS HUMSAFAR EXP,KSR BANGALORE CY JN,SBC,28.0,NWR,77.56808300000000,12.977595
19667,MYS HUMSAFAR EXP,MANDYA,MYA,27.0,NWR,76.897256,12.529176
19668,UDZ HUMSAFAR EXP,MYSORE JN,MYS,1.0,NWR,76.646013,12.318946
19668,UDZ HUMSAFAR EXP,MANDYA,MYA,8.0,NWR,76.897256,12.529176
19668,UDZ HUMSAFAR EXP,KSR BANGALORE CY JN,SBC,23.0,NWR,77.56808300000000,12.977595
19668,UDZ HUMSAFAR EXP,TUMKUR,TK,7.0,NWR,77.10243900000000,13.333033
19668,UDZ HUMSAFAR EXP,DAVANGERE,DVG,35.0,NWR,75.92229,14.467834
19668,UDZ HUMSAFAR EXP,HUBBALLI JN,UBL,40.0,NWR,75.148104,15.350302
19668,UDZ HUMSAFAR EXP,BELAGAVI,BGM,49.0,NWR,74.5095639,15.8492433
19668,UDZ HUMSAFAR EXP,MIRAJ JN,MRJ,30.0,NWR,74.638839,16.819946
19668,UDZ HUMSAFAR EXP,SANGLI,SLI,33.0,NWR,74.588939,16.858669
19668,UDZ HUMSAFAR EXP,PUNE JN,PUNE,32.0,NWR,73.873086,18.529378
19668,UDZ HUMSAFAR EXP,KALYAN JN,KYN,40.0,NWR,73.12974,19.234716
19668,UDZ HUMSAFAR EXP,VASAI ROAD,BSR,31.0,NWR,72.8322217,19.3824486
19668,UDZ HUMSAFAR EXP,UDHNA JN,UDN,44.0,NWR,72.851461,21.171156
19668,UDZ HUMSAFAR EXP,SURAT,ST,18.0,NWR,72.840793,21.206568
19668,UDZ HUMSAFAR EXP,VADODARA JN,BRC,44.0,NWR,73.181065,22.310756
19668,UDZ HUMSAFAR EXP,RATLAM JN,RTM,53.0,NWR,75.050826,23.34038
19668,UDZ HUMSAFAR EXP,MANDASOR,MDS,77.0,NWR,75.07634300000000,24.075937
19668,UDZ HUMSAFAR EXP,NIMACH,NMH,70.0,NWR,74.853025,24.459873
19668,UDZ HUMSAFAR EXP,CHITTAURGARH,COR,40.0,NWR,74.623687,24.874341
19668,UDZ HUMSAFAR EXP,UDAIPUR CITY,UDZ,19.0,NWR,73.699632,24.566862
19670,HUMSAFAR EXPRESS,PATLIPUTRA,PPTA,12.0,NWR,85.068505,25.621426
19670,HUMSAFAR EXPRESS,DANAPUR,DNR,17.0,NWR,85.044629,25.581921
19670,HUMSAFAR EXPRESS,ARA,ARA,23.0,NWR,84.66259600000000,25.548889
19670,HUMSAFAR EXPRESS,BUXAR,BXR,36.0,NWR,83.982184,25.562067
19670,HUMSAFAR EXPRESS,PT DEEN DAYAL UPADHYAY JN,DDU,26.0,NWR,,
19670,HUMSAFAR EXPRESS,VARANASI JN,BSB,24.0,NWR,82.986468,25.327281
19670,HUMSAFAR EXPRESS,SULTANPUR,SLN,47.0,NWR,82.066106,26.263027
19670,HUMSAFAR EXPRESS,NIHALGARH,NHH,52.0,NWR,81.632581,26.460131
19670,HUMSAFAR EXPRESS,LUCKNOW NR,LKO,18.0,NWR,80.925291,26.830675
19670,HUMSAFAR EXPRESS,KANPUR CENTRAL,CNB,52.0,NWR,80.350966,26.45424
19670,HUMSAFAR EXPRESS,KANNAUJ,KJN,83.0,NWR,79.926109,27.026507
19670,HUMSAFAR EXPRESS,FARRUKHABAD,FBD,77.0,NWR,79.57173700000000,27.38236
19670,HUMSAFAR EXPRESS,KASGANJ,KSJ,67.0,NWR,78.64602600000000,27.801887
19670,HUMSAFAR EXPRESS,HATHRAS CITY,HTC,71.0,NWR,78.05506870000000,27.5998169
19670,HUMSAFAR EXPRESS,MATHURA JN,MTJ,50.0,NWR,77.67311700000000,27.480145
19670,HUMSAFAR EXPRESS,BHARATPUR JN,BTE,51.0,NWR,77.488613,27.237107
19670,HUMSAFAR EXPRESS,SAWAI MADHOPUR,SWM,64.0,NWR,76.35622,26.018279
19670,HUMSAFAR EXPRESS,KOTA JN,KOTA,107.0,NWR,75.8805,25.223553
19670,HUMSAFAR EXPRESS,BUNDI,BUDI,117.0,NWR,75.65069900000000,25.407922
19670,HUMSAFAR EXPRESS,CHANDERIYA,CNA,71.0,NWR,74.629979,24.939558
19670,HUMSAFAR EXPRESS,MAVLI JN,MVJ,62.0,NWR,73.973721,24.794585
19670,HUMSAFAR EXPRESS,UDAIPUR CITY,UDZ,8.0,NWR,73.699632,24.566862
20101,SC VANDE BHARAT,NAGPUR,NGP,2.0,CR,79.089004,21.153567
20101,SC VANDE BHARAT,SEVAGRAM,SEGM,15.0,CR,78.619225,20.739076
20101,SC VANDE BHARAT,CHANDRAPUR,CD,16.0,CR,79.300505,19.960126
20101,SC VANDE BHARAT,BALHARSHAH,BPQ,14.0,CR,79.3485858,19.8490173
20101,SC VANDE BHARAT,RAMGUNDAM,RDM,15.0,CR,79.43510000000000,18.763329
20101,SC VANDE BHARAT,KAZIPET JN,KZJ,32.0,CR,79.511025,17.974211
20101,SC VANDE BHARAT,SECUNDERABAD JN,SC,0.0,CR,78.50148100000000,17.433147
20102,NGP VANDE BHARAT,SECUNDERABAD JN,SC,4.0,CR,78.50148100000000,17.433147
20102,NGP VANDE BHARAT,KAZIPET JN,KZJ,16.0,CR,79.511025,17.974211
20102,NGP VANDE BHARAT,RAMGUNDAM,RDM,27.0,CR,79.43510000000000,18.763329
20102,NGP VANDE BHARAT,BALHARSHAH,BPQ,9.0,CR,79.3485858,19.8490173
20102,NGP VANDE BHARAT,CHANDRAPUR,CD,12.0,CR,79.300505,19.960126
20102,NGP VANDE BHARAT,SEVAGRAM,SEGM,16.0,CR,78.619225,20.739076
20102,NGP VANDE BHARAT,NAGPUR,NGP,2.0,CR,79.089004,21.153567
20171,VANDE BHARAT EXP,RANI KAMLAPATI,RKMP,6.0,WCR,77.4401,23.2216
20171,VANDE BHARAT EXP,V LAKSHMIBAI JHANSI,VGLJ,19.0,WCR,78.5533,25.4439
20171,VANDE BHARAT EXP,GWALIOR,GWL,25.0,WCR,78.18229200000000,26.216483
20171,VANDE BHARAT EXP,AGRA CANTT,AGC,21.0,WCR,77.990153,27.157992
20171,VANDE BHARAT EXP,H NIZAMUDDIN,NZM,26.0,WCR,77.254249,28.58733
20172,VANDE BHARAT EXP,H NIZAMUDDIN,NZM,13.0,WCR,77.254249,28.58733
20172,VANDE BHARAT EXP,AGRA CANTT,AGC,31.0,WCR,77.990153,27.157992
20172,VANDE BHARAT EXP,GWALIOR,GWL,28.0,WCR,78.18229200000000,26.216483
20172,VANDE BHARAT EXP,V LAKSHMIBAI JHANSI,VGLJ,26.0,WCR,78.5533,25.4439
20172,VANDE BHARAT EXP,RANI KAMLAPATI,RKMP,19.0,WCR,77.4401,23.2216
20173,VANDE BHARAT EXP,RANI KAMLAPATI,RKMP,1.0,WCR,77.4401,23.2216
20173,VANDE BHARAT EXP,NARMADAPURAM,NDPM,7.0,WCR,,
20173,VANDE BHARAT EXP,ITARSI JN,ET,2.0,WCR,77.767128,22.608258
20173,VANDE BHARAT EXP,PIPARIYA,PPI,16.0,WCR,78.354538,22.753941
20173,VANDE BHARAT EXP,NARSINGHPUR,NU,16.0,WCR,79.214385,22.943112
20173,VANDE BHARAT EXP,JABALPUR,JBP,3.0,WCR,79.950919,23.164636
20173,VANDE BHARAT EXP,KATNI,KTE,5.0,WCR,80.400543,23.833385
20173,VANDE BHARAT EXP,MAIHAR,MYR,4.0,WCR,80.763148,24.255485
20173,VANDE BHARAT EXP,SATNA,STA,4.0,WCR,80.827717,24.568619
20174,VANDE BHARAT EXP,REWA,REWA,1.0,WCR,81.250615,24.537122
20174,VANDE BHARAT EXP,SATNA,STA,6.0,WCR,80.827717,24.568619
20174,VANDE BHARAT EXP,MAIHAR,MYR,5.0,WCR,80.763148,24.255485
20174,VANDE BHARAT EXP,KATNI,KTE,8.0,WCR,80.400543,23.833385
20174,VANDE BHARAT EXP,JABALPUR,JBP,14.0,WCR,79.950919,23.164636
20174,VANDE BHARAT EXP,NARSINGHPUR,NU,12.0,WCR,79.214385,22.943112
20174,VANDE BHARAT EXP,PIPARIYA,PPI,17.0,WCR,78.354538,22.753941
20174,VANDE BHARAT EXP,ITARSI JN,ET,2.0,WCR,77.767128,22.608258
20174,VANDE BHARAT EXP,NARMADAPURAM,NDPM,3.0,WCR,,
20175,VANDE BHARAT EXP,BANARAS,BSBS,16.0,NCR,,
20175,VANDE BHARAT EXP,PRAYAGRAJ JN,PRYJ,34.0,NCR,81.8253,25.4453
20175,VANDE BHARAT EXP,KANPUR CENTRAL,CNB,40.0,NCR,80.350966,26.45424
20175,VANDE BHARAT EXP,ETAWAH,ETW,50.0,NCR,79.021502,26.78597
20175,VANDE BHARAT EXP,TUNDLA JN,TDL,37.0,NCR,78.233285,27.207747
20175,VANDE BHARAT EXP,AGRA CANTT,AGC,24.0,NCR,77.990153,27.157992
20481,TPJ SF HUMSAFAR,JODHPUR JN,JU,6.0,NWR,73.02319,26.283765
20481,TPJ SF HUMSAFAR,JAIPUR,JP,20.0,NWR,75.786923,26.920203
20481,TPJ SF HUMSAFAR,SAWAI MADHOPUR,SWM,20.0,NWR,76.35622,26.018279
20481,TPJ SF HUMSAFAR,SOGARIA,SGAC,14.0,NWR,75.90022100000000,25.230055
20481,TPJ SF HUMSAFAR,GUNA,GUNA,7.0,NWR,77.314104,24.6405
20481,TPJ SF HUMSAFAR,ASHOK NAGAR,ASKN,12.0,NWR,77.726725,24.58015
20481,TPJ SF HUMSAFAR,BINA JN,BINA,27.0,NWR,78.1831998,24.1709735
20481,TPJ SF HUMSAFAR,BHOPAL JN,BPL,44.0,NWR,77.4131428577,23.2668843843
20481,TPJ SF HUMSAFAR,ITARSI JN,ET,34.0,NWR,77.767128,22.608258
20481,TPJ SF HUMSAFAR,NAGPUR,NGP,41.0,NWR,79.089004,21.153567
20481,TPJ SF HUMSAFAR,BALHARSHAH,BPQ,29.0,NWR,79.3485858,19.8490173
20481,TPJ SF HUMSAFAR,WARANGAL,WL,41.0,NWR,79.604929,17.972477
20481,TPJ SF HUMSAFAR,VIJAYAWADA JN,BZA,45.0,NWR,80.61864800000000,16.518262
20481,TPJ SF HUMSAFAR,GUDUR JN,GDR,37.0,NWR,79.845121,14.148227
20481,TPJ SF HUMSAFAR,CHENNAI EGMORE,MS,35.0,NWR,80.260193,13.077678
20481,TPJ SF HUMSAFAR,TAMBARAM,TBM,42.0,NWR,80.1191573807,12.9260356894
20481,TPJ SF HUMSAFAR,CHENGALPATTU,CGL,44.0,NWR,79.981519,12.692864
20481,TPJ SF HUMSAFAR,MELMARUVATTUR,MLMR,59.0,NWR,79.83380100000000,12.429554
20481,TPJ SF HUMSAFAR,VILLUPURAM JN,VM,29.0,NWR,79.500101,11.942971
20481,TPJ SF HUMSAFAR,ARIYALUR,ALU,37.0,NWR,79.06831800000000,11.150035
20481,TPJ SF HUMSAFAR,TIRUCHCHIRAPALI,TPJ,14.0,NWR,78.685355,10.794067
20482,BGKT HUMSAFAR,TIRUCHCHIRAPALI,TPJ,6.0,NWR,78.685355,10.794067
20482,BGKT HUMSAFAR,ARIYALUR,ALU,17.0,NWR,79.06831800000000,11.150035
20482,BGKT HUMSAFAR,VILLUPURAM JN,VM,10.0,NWR,79.500101,11.942971
20482,BGKT HUMSAFAR,MELMARUVATTUR,MLMR,26.0,NWR,79.83380100000000,12.429554
20482,BGKT HUMSAFAR,CHENGALPATTU,CGL,17.0,NWR,79.981519,12.692864
20482,BGKT HUMSAFAR,TAMBARAM,TBM,27.0,NWR,80.1191573807,12.9260356894
20482,BGKT HUMSAFAR,CHENNAI EGMORE,MS,20.0,NWR,80.260193,13.077678
20482,BGKT HUMSAFAR,GUDUR JN,GDR,30.0,NWR,79.845121,14.148227
20482,BGKT HUMSAFAR,VIJAYAWADA JN,BZA,13.0,NWR,80.61864800000000,16.518262
20482,BGKT HUMSAFAR,WARANGAL,WL,26.0,NWR,79.604929,17.972477
20482,BGKT HUMSAFAR,BALHARSHAH,BPQ,8.0,NWR,79.3485858,19.8490173
20482,BGKT HUMSAFAR,NAGPUR,NGP,33.0,NWR,79.089004,21.153567
20482,BGKT HUMSAFAR,ITARSI JN,ET,21.0,NWR,77.767128,22.608258
20482,BGKT HUMSAFAR,BHOPAL JN,BPL,37.0,NWR,77.4131428577,23.2668843843
20482,BGKT HUMSAFAR,BINA JN,BINA,32.0,NWR,78.1831998,24.1709735
20482,BGKT HUMSAFAR,MUNGAOLI,MNV,43.0,NWR,78.11099,24.402175
20482,BGKT HUMSAFAR,ASHOK NAGAR,ASKN,50.0,NWR,77.726725,24.58015
20482,BGKT HUMSAFAR,GUNA,GUNA,33.0,NWR,77.314104,24.6405
20482,BGKT HUMSAFAR,SOGARIA,SGAC,4.0,NWR,75.90022100000000,25.230055
20482,BGKT HUMSAFAR,SAWAI MADHOPUR,SWM,5.0,NWR,76.35622,26.018279
20482,BGKT HUMSAFAR,JAIPUR,JP,10.0,NWR,75.786923,26.920203
20497,FZR HUMSAFAR,RAMESWARAM,RMM,0.0,NWR,79.306787,9.280973
20497,FZR HUMSAFAR,MANDAPAM,MMM,1.0,NWR,79.157354,9.280516
20497,FZR HUMSAFAR,RAMANATHAPURAM,RMD,10.0,NWR,78.83686200000000,9.358387
20497,FZR HUMSAFAR,MANAMADURAI JN,MNM,18.0,NWR,78.45351,9.681539
20497,FZR HUMSAFAR,PUDUKKOTTAI,PDKT,23.0,NWR,78.801946,10.372457
20497,FZR HUMSAFAR,TIRUCHCHIRAPALI,TPJ,18.0,NWR,78.685355,10.794067
20497,FZR HUMSAFAR,ARIYALUR,ALU,26.0,NWR,79.06831800000000,11.150035
20497,FZR HUMSAFAR,VILLUPURAM JN,VM,12.0,NWR,79.500101,11.942971
20497,FZR HUMSAFAR,MELMARUVATTUR,MLMR,13.0,NWR,79.83380100000000,12.429554
20497,FZR HUMSAFAR,CHENGALPATTU,CGL,16.0,NWR,79.981519,12.692864
20497,FZR HUMSAFAR,CHENNAI EGMORE,MS,11.0,NWR,80.260193,13.077678
20497,FZR HUMSAFAR,GUDUR JN,GDR,16.0,NWR,79.845121,14.148227
20497,FZR HUMSAFAR,NELLORE,NLR,19.0,NWR,79.989383,14.460592
20497,FZR HUMSAFAR,VIJAYAWADA JN,BZA,23.0,NWR,80.61864800000000,16.518262
20497,FZR HUMSAFAR,WARANGAL,WL,27.0,NWR,79.604929,17.972477
20497,FZR HUMSAFAR,BALHARSHAH,BPQ,14.0,NWR,79.3485858,19.8490173
20497,FZR HUMSAFAR,CHANDRAPUR,CD,19.0,NWR,79.300505,19.960126
20497,FZR HUMSAFAR,NAGPUR,NGP,43.0,NWR,79.089004,21.153567
20497,FZR HUMSAFAR,BETUL,BZU,71.0,NWR,77.90589700000000,21.896393
20497,FZR HUMSAFAR,ITARSI JN,ET,12.0,NWR,77.767128,22.608258
20497,FZR HUMSAFAR,BHOPAL JN,BPL,21.0,NWR,77.4131428577,23.2668843843
20497,FZR HUMSAFAR,MAKSI,MKC,16.0,NWR,76.159116,23.251625
20497,FZR HUMSAFAR,DEWAS,DWX,19.0,NWR,76.051191,22.977556
20497,FZR HUMSAFAR,LAKSHMIBAI NGR,LMNR,16.0,NWR,75.858526,22.742296
20497,FZR HUMSAFAR,JN,FTD,12.0,NWR,75.673338,23.009106
20497,FZR HUMSAFAR,RATLAM JN,RTM,5.0,NWR,75.050826,23.34038
20497,FZR HUMSAFAR,MANDASOR,MDS,31.0,NWR,75.07634300000000,24.075937
20497,FZR HUMSAFAR,NIMACH,NMH,20.0,NWR,74.853025,24.459873
20497,FZR HUMSAFAR,CHITTAURGARH,COR,5.0,NWR,74.623687,24.874341
20497,FZR HUMSAFAR,BHILWARA,BHL,4.0,NWR,74.63077340000000,25.3435508
20497,FZR HUMSAFAR,AJMER JN,AII,5.0,NWR,74.63746400000000,26.456612
20497,FZR HUMSAFAR,KISHANGARH,KSG,7.0,NWR,74.855553,26.588968
20497,FZR HUMSAFAR,JAIPUR,JP,6.0,NWR,75.786923,26.920203
20497,FZR HUMSAFAR,RINGAS JN,RGS,13.0,NWR,75.56360400000000,27.373379
20497,FZR HUMSAFAR,SIKAR JN,SIKR,17.0,NWR,75.15337800000000,27.616275
20497,FZR HUMSAFAR,CHURU,CUR,15.0,NWR,74.966203,28.288281
20497,FZR HUMSAFAR,SADULPUR JN,SDLP,21.0,NWR,75.386989,28.631138
20497,FZR HUMSAFAR,TAHSIL BHADRA,TSD,25.0,NWR,75.16145411878820,29.1014361649561
20497,FZR HUMSAFAR,NOHAR,NHR,35.0,NWR,74.77362781763080,29.192562738769
20497,FZR HUMSAFAR,ELLENABAD,ENB,41.0,NWR,74.6579341054894,29.4441039926511
20497,FZR HUMSAFAR,HANUMANGARH JN,HMH,23.0,NWR,74.297633,29.614904
20497,FZR HUMSAFAR,SANGARIA,SGRA,26.0,NWR,74.466053,29.792508
20497,FZR HUMSAFAR,MANDI DABWALI,MBY,34.0,NWR,74.700155,29.966227
20497,FZR HUMSAFAR,BHATINDA JN,BTI,12.0,NWR,74.932083,30.209488
20497,FZR HUMSAFAR,FIROZPUR CANT,FZR,5.0,NWR,74.61843900000000,30.942486
20498,FZR RMM HUMSAFAR,FIROZPUR CANT,FZR,25.0,NWR,74.61843900000000,30.942486
20498,FZR RMM HUMSAFAR,BHATINDA JN,BTI,25.0,NWR,74.932083,30.209488
20498,FZR RMM HUMSAFAR,MANDI DABWALI,MBY,39.0,NWR,74.700155,29.966227
20498,FZR RMM HUMSAFAR,SANGARIA,SGRA,44.0,NWR,74.466053,29.792508
20498,FZR RMM HUMSAFAR,HANUMANGARH JN,HMH,38.0,NWR,74.297633,29.614904
20498,FZR RMM HUMSAFAR,ELLENABAD,ENB,42.0,NWR,74.6579341054894,29.4441039926511
20498,FZR RMM HUMSAFAR,NOHAR,NHR,42.0,NWR,74.77362781763080,29.192562738769
20498,FZR RMM HUMSAFAR,TAHSIL BHADRA,TSD,44.0,NWR,75.16145411878820,29.1014361649561
20498,FZR RMM HUMSAFAR,SADULPUR JN,SDLP,45.0,NWR,75.386989,28.631138
20498,FZR RMM HUMSAFAR,CHURU,CUR,32.0,NWR,74.966203,28.288281
20498,FZR RMM HUMSAFAR,SIKAR JN,SIKR,35.0,NWR,75.15337800000000,27.616275
20498,FZR RMM HUMSAFAR,RINGAS JN,RGS,35.0,NWR,75.56360400000000,27.373379
20498,FZR RMM HUMSAFAR,JAIPUR,JP,9.0,NWR,75.786923,26.920203
20498,FZR RMM HUMSAFAR,KISHANGARH,KSG,36.0,NWR,74.855553,26.588968
20498,FZR RMM HUMSAFAR,AJMER JN,AII,31.0,NWR,74.63746400000000,26.456612
20498,FZR RMM HUMSAFAR,BHILWARA,BHL,42.0,NWR,74.63077340000000,25.3435508
20498,FZR RMM HUMSAFAR,CHITTAURGARH,COR,35.0,NWR,74.623687,24.874341
20498,FZR RMM HUMSAFAR,NIMACH,NMH,32.0,NWR,74.853025,24.459873
20498,FZR RMM HUMSAFAR,MANDASOR,MDS,40.0,NWR,75.07634300000000,24.075937
20498,FZR RMM HUMSAFAR,RATLAM JN,RTM,18.0,NWR,75.050826,23.34038
20498,FZR RMM HUMSAFAR,JN,FTD,19.0,NWR,75.673338,23.009106
20498,FZR RMM HUMSAFAR,LAKSHMIBAI NGR,LMNR,35.0,NWR,75.858526,22.742296
20498,FZR RMM HUMSAFAR,DEWAS,DWX,38.0,NWR,76.051191,22.977556
20498,FZR RMM HUMSAFAR,MAKSI,MKC,25.0,NWR,76.159116,23.251625
20498,FZR RMM HUMSAFAR,BHOPAL JN,BPL,33.0,NWR,77.4131428577,23.2668843843
20498,FZR RMM HUMSAFAR,ITARSI JN,ET,35.0,NWR,77.767128,22.608258
20498,FZR RMM HUMSAFAR,BETUL,BZU,52.0,NWR,77.90589700000000,21.896393
20498,FZR RMM HUMSAFAR,NAGPUR,NGP,44.0,NWR,79.089004,21.153567
20498,FZR RMM HUMSAFAR,CHANDRAPUR,CD,63.0,NWR,79.300505,19.960126
20498,FZR RMM HUMSAFAR,BALHARSHAH,BPQ,39.0,NWR,79.3485858,19.8490173
20498,FZR RMM HUMSAFAR,WARANGAL,WL,110.0,NWR,79.604929,17.972477
20498,FZR RMM HUMSAFAR,VIJAYAWADA JN,BZA,94.0,NWR,80.61864800000000,16.518262
20498,FZR RMM HUMSAFAR,NELLORE,NLR,80.0,NWR,79.989383,14.460592
20498,FZR RMM HUMSAFAR,GUDUR JN,GDR,84.0,NWR,79.845121,14.148227
20498,FZR RMM HUMSAFAR,CHENNAI EGMORE,MS,76.0,NWR,80.260193,13.077678
20498,FZR RMM HUMSAFAR,CHENGALPATTU,CGL,77.0,NWR,79.981519,12.692864
20498,FZR RMM HUMSAFAR,MELMARUVATTUR,MLMR,93.0,NWR,79.83380100000000,12.429554
20498,FZR RMM HUMSAFAR,VILLUPURAM JN,VM,64.0,NWR,79.500101,11.942971
20498,FZR RMM HUMSAFAR,ARIYALUR,ALU,67.0,NWR,79.06831800000000,11.150035
20498,FZR RMM HUMSAFAR,TIRUCHCHIRAPALI,TPJ,88.0,NWR,78.685355,10.794067
20498,FZR RMM HUMSAFAR,PUDUKKOTTAI,PDKT,100.0,NWR,78.801946,10.372457
20498,FZR RMM HUMSAFAR,MANAMADURAI JN,MNM,96.0,NWR,78.45351,9.681539
20498,FZR RMM HUMSAFAR,RAMANATHAPURAM,RMD,116.0,NWR,78.83686200000000,9.358387
20498,FZR RMM HUMSAFAR,Unknown Station,PBMB,0.0,NWR,,
20498,FZR RMM HUMSAFAR,MANDAPAM,MMM,58.0,NWR,79.157354,9.280516
20498,FZR RMM HUMSAFAR,RAMESWARAM,RMM,0.0,NWR,79.306787,9.280973
20501,TEJAS EXPRESS,AGARTALA,AGTL,2.0,NFR,91.278481,23.792417
20501,TEJAS EXPRESS,AMBASA,ABSA,10.0,NFR,91.860783,23.930507
20501,TEJAS EXPRESS,DHARMANAGAR,DMR,2.0,NFR,92.16824700000000,24.366946
20501,TEJAS EXPRESS,NEW KARIMGANJ,NKMG,4.0,NFR,92.3943808116131,24.8433689098397
20501,TEJAS EXPRESS,BADARPUR JN,BPB,7.0,NFR,92.5563227,24.8651775
20501,TEJAS EXPRESS,HOJAI,HJI,7.0,NFR,92.851752,26.001794
20501,TEJAS EXPRESS,GUWAHATI,GHY,25.0,NFR,91.751851,26.182635
20501,TEJAS EXPRESS,RANGIYA JN,RNY,22.0,NFR,91.605929,26.447901
20501,TEJAS EXPRESS,BARPETA ROAD,BPRD,35.0,NFR,90.9639649,26.5028473
20501,TEJAS EXPRESS,NEW JALPAIGURI,NJP,35.0,NFR,88.443391,26.683025
20501,TEJAS EXPRESS,MALDA TOWN,MLDT,8.0,NFR,88.130338,25.015659
20501,TEJAS EXPRESS,SAHIBGANJ JN,SBG,14.0,NFR,87.63457700000000,25.241392
20501,TEJAS EXPRESS,BHAGALPUR,BGP,15.0,NFR,86.9767918,25.2419093
20501,TEJAS EXPRESS,JAMALPUR JN,JMP,13.0,NFR,86.492285,25.313906
20501,TEJAS EXPRESS,PATNA JN,PNBE,27.0,NFR,85.136824,25.60256
20501,TEJAS EXPRESS,PT DEEN DAYAL UPADHYAY JN,DDU,31.0,NFR,,
20501,TEJAS EXPRESS,KANPUR CENTRAL,CNB,60.0,NFR,80.350966,26.45424
20501,TEJAS EXPRESS,ANAND VIHAR TRM,ANVT,76.0,NFR,77.31521255,28.6505035654
20502,TEJAS EXP,ANAND VIHAR TRM,ANVT,21.0,NFR,77.31521255,28.6505035654
20502,TEJAS EXP,KANPUR CENTRAL,CNB,41.0,NFR,80.350966,26.45424
20502,TEJAS EXP,PT DEEN DAYAL UPADHYAY JN,DDU,51.0,NFR,,
20502,TEJAS EXP,PATNA JN,PNBE,55.0,NFR,85.136824,25.60256
20502,TEJAS EXP,JAMALPUR JN,JMP,53.0,NFR,86.492285,25.313906
20502,TEJAS EXP,BHAGALPUR,BGP,46.0,NFR,86.9767918,25.2419093
20502,TEJAS EXP,SAHIBGANJ JN,SBG,47.0,NFR,87.63457700000000,25.241392
20502,TEJAS EXP,MALDA TOWN,MLDT,32.0,NFR,88.130338,25.015659
20502,TEJAS EXP,NEW JALPAIGURI,NJP,41.0,NFR,88.443391,26.683025
20502,TEJAS EXP,BARPETA ROAD,BPRD,23.0,NFR,90.9639649,26.5028473
20502,TEJAS EXP,RANGIYA JN,RNY,23.0,NFR,91.605929,26.447901
20502,TEJAS EXP,GUWAHATI,GHY,19.0,NFR,91.751851,26.182635
20502,TEJAS EXP,HOJAI,HJI,29.0,NFR,92.851752,26.001794
20502,TEJAS EXP,BADARPUR JN,BPB,30.0,NFR,92.5563227,24.8651775
20502,TEJAS EXP,NEW KARIMGANJ,NKMG,35.0,NFR,92.3943808116131,24.8433689098397
20502,TEJAS EXP,DHARMANAGAR,DMR,31.0,NFR,92.16824700000000,24.366946
20502,TEJAS EXP,AMBASA,ABSA,27.0,NFR,91.860783,23.930507
20502,TEJAS EXP,AGARTALA,AGTL,12.0,NFR,91.278481,23.792417
20607,MYS VANDEBHARAT,CHENNAI CENTRAL,MAS,2.0,SR,80.27485630000000,13.0847613
20607,MYS VANDEBHARAT,KATPADI JN,KPD,9.0,SR,79.13534100000000,12.972734
20607,MYS VANDEBHARAT,KSR BANGALORE CY JN,SBC,11.0,SR,77.56808300000000,12.977595
20608,MAS VANDEBHARAT,MYSORE JN,MYS,1.0,SR,76.646013,12.318946
20608,MAS VANDEBHARAT,KSR BANGALORE CY JN,SBC,6.0,SR,77.56808300000000,12.977595
20608,MAS VANDEBHARAT,KATPADI JN,KPD,15.0,SR,79.13534100000000,12.972734
20608,MAS VANDEBHARAT,CHENNAI CENTRAL,MAS,4.0,SR,80.27485630000000,13.0847613
20631,MAQ TVC VB EXP,MANGALORE CNTL,MAQ,1.0,SR,74.844068,12.862325
20631,MAQ TVC VB EXP,KASARAGOD,KGQ,4.0,SR,74.987652,12.491175
20631,MAQ TVC VB EXP,KANNUR,CAN,5.0,SR,75.3683267,11.8706942
20631,MAQ TVC VB EXP,KOZHIKODE,CLT,6.0,SR,75.780407,11.246234
20631,MAQ TVC VB EXP,TIRUR,TIR,10.0,SR,75.92186500000000,10.917757
20631,MAQ TVC VB EXP,SHORANUR JN,SRR,13.0,SR,76.27219600000000,10.758855
20631,MAQ TVC VB EXP,THRISUR,TCR,10.0,SR,76.207919,10.51479
20631,MAQ TVC VB EXP,ERNAKULAM JN,ERS,15.0,SR,76.290672,9.969542
20631,MAQ TVC VB EXP,ALLEPPEY,ALLP,15.0,SR,76.32247600000000,9.483759
20631,MAQ TVC VB EXP,KOLLAM JN,QLN,24.0,SR,76.59675300000000,8.886586
20632,TVC MAQ VB EXP,TRIVANDRUM CNTL,TVC,1.0,SR,76.95121000000000,8.486679
20632,TVC MAQ VB EXP,KOLLAM JN,QLN,4.0,SR,76.59675300000000,8.886586
20632,TVC MAQ VB EXP,ALLEPPEY,ALLP,16.0,SR,76.32247600000000,9.483759
20632,TVC MAQ VB EXP,ERNAKULAM JN,ERS,15.0,SR,76.290672,9.969542
20632,TVC MAQ VB EXP,THRISUR,TCR,13.0,SR,76.207919,10.51479
20632,TVC MAQ VB EXP,SHORANUR JN,SRR,20.0,SR,76.27219600000000,10.758855
20632,TVC MAQ VB EXP,TIRUR,TIR,21.0,SR,75.92186500000000,10.917757
20632,TVC MAQ VB EXP,KOZHIKODE,CLT,28.0,SR,75.780407,11.246234
20632,TVC MAQ VB EXP,KANNUR,CAN,32.0,SR,75.3683267,11.8706942
20632,TVC MAQ VB EXP,KASARAGOD,KGQ,14.0,SR,74.987652,12.491175
20632,TVC MAQ VB EXP,MANGALORE CNTL,MAQ,1.0,SR,74.844068,12.862325
20633,TVC VANDEBHARAT,KASARAGOD,KGQ,1.0,SR,74.987652,12.491175
20633,TVC VANDEBHARAT,KANNUR,CAN,3.0,SR,75.3683267,11.8706942
20633,TVC VANDEBHARAT,KOZHIKODE,CLT,5.0,SR,75.780407,11.246234
20633,TVC VANDEBHARAT,SHORANUR JN,SRR,12.0,SR,76.27219600000000,10.758855
20633,TVC VANDEBHARAT,THRISUR,TCR,11.0,SR,76.207919,10.51479
20633,TVC VANDEBHARAT,ERNAKULAM TOWN,ERN,12.0,SR,76.2861,9.991582
20633,TVC VANDEBHARAT,KOTTAYAM,KTYM,16.0,SR,76.532168,9.594177
20633,TVC VANDEBHARAT,CHENGANNUR,CNGR,13.0,SR,76.608271,9.319504
20633,TVC VANDEBHARAT,KOLLAM JN,QLN,18.0,SR,76.59675300000000,8.886586
20633,TVC VANDEBHARAT,TRIVANDRUM CNTL,TVC,7.0,SR,76.95121000000000,8.486679
20634,KGQ VANDEBHARAT,TRIVANDRUM CNTL,TVC,2.0,SR,76.95121000000000,8.486679
20634,KGQ VANDEBHARAT,KOLLAM JN,QLN,3.0,SR,76.59675300000000,8.886586
20634,KGQ VANDEBHARAT,CHENGANNUR,CNGR,7.0,SR,76.608271,9.319504
20634,KGQ VANDEBHARAT,KOTTAYAM,KTYM,7.0,SR,76.532168,9.594177
20634,KGQ VANDEBHARAT,ERNAKULAM TOWN,ERN,5.0,SR,76.2861,9.991582
20634,KGQ VANDEBHARAT,THRISUR,TCR,5.0,SR,76.207919,10.51479
20634,KGQ VANDEBHARAT,SHORANUR JN,SRR,11.0,SR,76.27219600000000,10.758855
20634,KGQ VANDEBHARAT,KOZHIKODE,CLT,16.0,SR,75.780407,11.246234
20634,KGQ VANDEBHARAT,KANNUR,CAN,23.0,SR,75.3683267,11.8706942
20634,KGQ VANDEBHARAT,KASARAGOD,KGQ,5.0,SR,74.987652,12.491175
20641,CBE VANDE BHARAT,BANGALORE CANT,BNC,4.0,SR,77.59932690000000,12.9936735
20641,CBE VANDE BHARAT,HOSUR,HSRA,16.0,SR,77.822839,12.717606
20641,CBE VANDE BHARAT,DHARMAPURI,DPJ,24.0,SR,78.154742,12.126595
20641,CBE VANDE BHARAT,SALEM JN,SA,16.0,SR,78.113415,11.671726
20641,CBE VANDE BHARAT,ERODE JN,ED,16.0,SR,77.72593400000000,11.327682
20641,CBE VANDE BHARAT,TIRUPPUR,TUP,12.0,SR,77.341247,11.108906
20642,BNC VANDEBHARAT,COIMBATORE JN,CBE,1.0,SR,76.966298,10.997639
20642,BNC VANDEBHARAT,TIRUPPUR,TUP,11.0,SR,77.341247,11.108906
20642,BNC VANDEBHARAT,ERODE JN,ED,11.0,SR,77.72593400000000,11.327682
20642,BNC VANDEBHARAT,SALEM JN,SA,9.0,SR,78.113415,11.671726
20642,BNC VANDEBHARAT,DHARMAPURI,DPJ,13.0,SR,78.154742,12.126595
20642,BNC VANDEBHARAT,HOSUR,HSRA,26.0,SR,77.822839,12.717606
20643,CBE VANDEBHARAT,CHENNAI CENTRAL,MAS,3.0,SR,80.27485630000000,13.0847613
20643,CBE VANDEBHARAT,SALEM JN,SA,17.0,SR,78.113415,11.671726
20643,CBE VANDEBHARAT,ERODE JN,ED,15.0,SR,77.72593400000000,11.327682
20643,CBE VANDEBHARAT,TIRUPPUR,TUP,14.0,SR,77.341247,11.108906
20644,MAS VANDEBHARAT,COIMBATORE JN,CBE,1.0,SR,76.966298,10.997639
20644,MAS VANDEBHARAT,TIRUPPUR,TUP,5.0,SR,77.341247,11.108906
20644,MAS VANDEBHARAT,ERODE JN,ED,9.0,SR,77.72593400000000,11.327682
20644,MAS VANDEBHARAT,SALEM JN,SA,8.0,SR,78.113415,11.671726
20644,MAS VANDEBHARAT,CHENNAI CENTRAL,MAS,4.0,SR,80.27485630000000,13.0847613
20645,MAQ VANDEBHARAT,MADGAON,MAO,3.0,SR,73.97072400000000,15.267911
20645,MAQ VANDEBHARAT,KARWAR,KAWR,7.0,SR,74.183139,14.821387
20645,MAQ VANDEBHARAT,UDUPI,UD,15.0,SR,74.771733,13.336341
20645,MAQ VANDEBHARAT,MANGALORE CNTL,MAQ,2.0,SR,74.844068,12.862325
20646,MAO VANDEBHARAT,MANGALORE CNTL,MAQ,2.0,SR,74.844068,12.862325
20646,MAO VANDEBHARAT,UDUPI,UD,9.0,SR,74.771733,13.336341
20646,MAO VANDEBHARAT,KARWAR,KAWR,18.0,SR,74.183139,14.821387
20646,MAO VANDEBHARAT,MADGAON,MAO,1.0,SR,73.97072400000000,15.267911
20661,DWR VANDE BHARAT,KSR BANGALORE CY JN,SBC,2.0,SWR,77.56808300000000,12.977595
20661,DWR VANDE BHARAT,YESVANTPUR JN,YPR,3.0,SWR,77.55117400000000,13.022839
20661,DWR VANDE BHARAT,TUMKUR,TK,8.0,SWR,77.10243900000000,13.333033
20661,DWR VANDE BHARAT,DAVANGERE,DVG,8.0,SWR,75.92229,14.467834
20661,DWR VANDE BHARAT,HUBBALLI JN,UBL,11.0,SWR,75.148104,15.350302
20662,SBC VANDE BHARAT,DHARWAR,DWR,1.0,SWR,75.004552,15.440386
20662,SBC VANDE BHARAT,HUBBALLI JN,UBL,3.0,SWR,75.148104,15.350302
20662,SBC VANDE BHARAT,DAVANGERE,DVG,2.0,SWR,75.92229,14.467834
20662,SBC VANDE BHARAT,TUMKUR,TK,2.0,SWR,77.10243900000000,13.333033
20662,SBC VANDE BHARAT,YESVANTPUR JN,YPR,22.0,SWR,77.55117400000000,13.022839
20663,MAS VANDE BHARAT,MYSORE JN,MYS,1.0,SWR,76.646013,12.318946
20663,MAS VANDE BHARAT,MANDYA,MYA,4.0,SWR,76.897256,12.529176
20663,MAS VANDE BHARAT,KSR BANGALORE CY JN,SBC,4.0,SWR,77.56808300000000,12.977595
20663,MAS VANDE BHARAT,KRISHNARAJAPURM,KJM,5.0,SWR,77.674016,13.000534
20663,MAS VANDE BHARAT,KATPADI JN,KPD,8.0,SWR,79.13534100000000,12.972734
20664,MYS VANDEBHARAT,CHENNAI CENTRAL,MAS,2.0,SWR,80.27485630000000,13.0847613
20664,MYS VANDEBHARAT,KATPADI JN,KPD,8.0,SWR,79.13534100000000,12.972734
20664,MYS VANDEBHARAT,KRISHNARAJAPURM,KJM,15.0,SWR,77.674016,13.000534
20664,MYS VANDEBHARAT,KSR BANGALORE CY JN,SBC,4.0,SWR,77.56808300000000,12.977595
20664,MYS VANDEBHARAT,MANDYA,MYA,8.0,SWR,76.897256,12.529176
20665,TEN VANDEBHARAT,CHENNAI EGMORE,MS,1.0,SR,80.260193,13.077678
20665,TEN VANDEBHARAT,TAMBARAM,TBM,5.0,SR,80.1191573807,12.9260356894
20665,TEN VANDEBHARAT,VILLUPURAM JN,VM,8.0,SR,79.500101,11.942971
20665,TEN VANDEBHARAT,TIRUCHCHIRAPALI,TPJ,9.0,SR,78.685355,10.794067
20665,TEN VANDEBHARAT,DINDIGUL JN,DG,10.0,SR,77.985472,10.35381
20665,TEN VANDEBHARAT,MADURAI JN,MDU,12.0,SR,78.11031400000000,9.919907
20665,TEN VANDEBHARAT,VIRUDUNAGAR JN,VPT,14.0,SR,77.95773700000000,9.596405
20666,MS VANDE BHARAT,TIRUNELVELI JN,TEN,1.0,SR,77.707979,8.73636
20666,MS VANDE BHARAT,VIRUDUNAGAR JN,VPT,4.0,SR,77.95773700000000,9.596405
20666,MS VANDE BHARAT,MADURAI JN,MDU,4.0,SR,78.11031400000000,9.919907
20666,MS VANDE BHARAT,DINDIGUL JN,DG,5.0,SR,77.985472,10.35381
20666,MS VANDE BHARAT,TIRUCHCHIRAPALI,TPJ,3.0,SR,78.685355,10.794067
20666,MS VANDE BHARAT,VILLUPURAM JN,VM,7.0,SR,79.500101,11.942971
20666,MS VANDE BHARAT,TAMBARAM,TBM,17.0,SR,80.1191573807,12.9260356894
20666,MS VANDE BHARAT,CHENNAI EGMORE,MS,4.0,SR,80.260193,13.077678
20669,UBL PUNE VB EXP,HUBBALLI JN,UBL,4.0,SWR,75.148104,15.350302
20669,UBL PUNE VB EXP,DHARWAR,DWR,7.0,SWR,75.004552,15.440386
20669,UBL PUNE VB EXP,BELAGAVI,BGM,25.0,SWR,74.5095639,15.8492433
20669,UBL PUNE VB EXP,GHATPRABHA,GPB,46.0,SWR,74.7598229541,16.240718896
20669,UBL PUNE VB EXP,MIRAJ JN,MRJ,9.0,SWR,74.638839,16.819946
20669,UBL PUNE VB EXP,SANGLI,SLI,10.0,SWR,74.588939,16.858669
20669,UBL PUNE VB EXP,SATARA,STR,11.0,SWR,74.063727,17.688361
20670,UBL VANDEBHARAT,PUNE JN,PUNE,5.0,SWR,73.873086,18.529378
20670,UBL VANDEBHARAT,SATARA,STR,7.0,SWR,74.063727,17.688361
20670,UBL VANDEBHARAT,SANGLI,SLI,8.0,SWR,74.588939,16.858669
20670,UBL VANDEBHARAT,MIRAJ JN,MRJ,5.0,SWR,74.638839,16.819946
20670,UBL VANDEBHARAT,GHATPRABHA,GPB,9.0,SWR,74.7598229541,16.240718896
20670,UBL VANDEBHARAT,BELAGAVI,BGM,14.0,SWR,74.5095639,15.8492433
20670,UBL VANDEBHARAT,DHARWAR,DWR,14.0,SWR,75.004552,15.440386
20670,UBL VANDEBHARAT,HUBBALLI JN,UBL,2.0,SWR,75.148104,15.350302
20673,PUNE VANDEBHARAT,C SHAHUMHARAJ T,KOP,4.0,SWR,74.237695,16.70257
20673,PUNE VANDEBHARAT,MIRAJ JN,MRJ,4.0,SWR,74.638839,16.819946
20673,PUNE VANDEBHARAT,SANGLI,SLI,4.0,SWR,74.588939,16.858669
20673,PUNE VANDEBHARAT,KIRLOSKARVADI,KOV,4.0,SWR,74.41635800000000,17.084152
20673,PUNE VANDEBHARAT,KARAD,KRD,6.0,SWR,74.215686,17.310011
20673,PUNE VANDEBHARAT,SATARA,STR,19.0,SWR,74.063727,17.688361
20673,PUNE VANDEBHARAT,PUNE JN,PUNE,1.0,SWR,73.873086,18.529378
20674,KOP VANDEBHARAT,PUNE JN,PUNE,4.0,SWR,73.873086,18.529378
20674,KOP VANDEBHARAT,SATARA,STR,5.0,SWR,74.063727,17.688361
20674,KOP VANDEBHARAT,KARAD,KRD,13.0,SWR,74.215686,17.310011
20674,KOP VANDEBHARAT,KIRLOSKARVADI,KOV,15.0,SWR,74.41635800000000,17.084152
20674,KOP VANDEBHARAT,SANGLI,SLI,12.0,SWR,74.588939,16.858669
20674,KOP VANDEBHARAT,MIRAJ JN,MRJ,4.0,SWR,74.638839,16.819946
20677,BZA VANDEBHARAT,CHENNAI CENTRAL,MAS,2.0,SR,80.27485630000000,13.0847613
20677,BZA VANDEBHARAT,RENIGUNTA JN,RU,9.0,SR,79.50629000000000,13.636261
20677,BZA VANDEBHARAT,NELLORE,NLR,18.0,SR,79.989383,14.460592
20677,BZA VANDEBHARAT,ONGOLE,OGL,13.0,SR,80.057404,15.498064
20677,BZA VANDEBHARAT,TENALI JN,TEL,7.0,SR,80.640413,16.242409
20678,MAS VANDEBHARAT,VIJAYAWADA JN,BZA,1.0,SR,80.61864800000000,16.518262
20678,MAS VANDEBHARAT,TENALI JN,TEL,6.0,SR,80.640413,16.242409
20678,MAS VANDEBHARAT,ONGOLE,OGL,13.0,SR,80.057404,15.498064
20678,MAS VANDEBHARAT,NELLORE,NLR,9.0,SR,79.989383,14.460592
20678,MAS VANDEBHARAT,RENIGUNTA JN,RU,3.0,SR,79.50629000000000,13.636261
20678,MAS VANDEBHARAT,CHENNAI CENTRAL,MAS,8.0,SR,80.27485630000000,13.0847613
20701,TPTY VANDEBHARAT,SECUNDERABAD JN,SC,1.0,SCR,78.50148100000000,17.433147
20701,TPTY VANDEBHARAT,NALGONDA,NLDA,9.0,SCR,79.283436,17.06118
20701,TPTY VANDEBHARAT,MIRYALAGUDA,MRGA,17.0,SCR,79.533503,16.860392
20701,TPTY VANDEBHARAT,GUNTUR JN,GNT,10.0,SCR,80.44197300000000,16.300784
20701,TPTY VANDEBHARAT,ONGOLE,OGL,14.0,SCR,80.057404,15.498064
20701,TPTY VANDEBHARAT,NELLORE,NLR,12.0,SCR,79.989383,14.460592
20702,SC VANDE BHARAT,TIRUPATI,TPTY,1.0,SCR,79.418968,13.62763
20702,SC VANDE BHARAT,NELLORE,NLR,25.0,SCR,79.989383,14.460592
20702,SC VANDE BHARAT,ONGOLE,OGL,27.0,SCR,80.057404,15.498064
20702,SC VANDE BHARAT,GUNTUR JN,GNT,9.0,SCR,80.44197300000000,16.300784
20702,SC VANDE BHARAT,MIRYALAGUDA,MRGA,23.0,SCR,79.533503,16.860392
20702,SC VANDE BHARAT,NALGONDA,NLDA,14.0,SCR,79.283436,17.06118
20703,YPR VANDEBHARAT,KACHEGUDA,KCG,2.0,SCR,78.499756,17.389561
20703,YPR VANDEBHARAT,MAHBUBNAGAR,MBNR,6.0,SCR,77.999429,16.757768
20703,YPR VANDEBHARAT,KURNOOL CITY,KRNT,12.0,SCR,78.032655,15.833715
20703,YPR VANDEBHARAT,ANANTAPUR,ATP,6.0,SCR,77.59531200000000,14.686478
20703,YPR VANDEBHARAT,DHARMAVARAM JN,DMM,4.0,SCR,77.717115,14.424369
20704,KCG VANDE BHARAT,YESVANTPUR JN,YPR,1.0,SCR,77.55117400000000,13.022839
20704,KCG VANDE BHARAT,DHARMAVARAM JN,DMM,19.0,SCR,77.717115,14.424369
20704,KCG VANDE BHARAT,ANANTAPUR,ATP,18.0,SCR,77.59531200000000,14.686478
20704,KCG VANDE BHARAT,KURNOOL CITY,KRNT,16.0,SCR,78.032655,15.833715
20704,KCG VANDE BHARAT,MAHBUBNAGAR,MBNR,9.0,SCR,77.999429,16.757768
20705,CSMT VANDEBHARAT,JALNA,J,1.0,SCR,75.893142,19.830781
20705,CSMT VANDEBHARAT,AURANGABAD,AWB,8.0,SCR,75.31064600000000,19.859276
20705,CSMT VANDEBHARAT,MANMAD JN,MMR,4.0,SCR,74.438305,20.249887
20705,CSMT VANDEBHARAT,NASIK ROAD,NK,4.0,SCR,73.841897,19.947627
20705,CSMT VANDEBHARAT,KALYAN JN,KYN,3.0,SCR,73.12974,19.234716
20705,CSMT VANDEBHARAT,THANE,TNA,6.0,SCR,72.97541700000000,19.185757
20705,CSMT VANDEBHARAT,DADAR,DR,9.0,SCR,72.842972,19.017179
20705,CSMT VANDEBHARAT,C SHIVAJI TERM MUMBAI,CSMT,3.0,SCR,,
20706,J VANDE BHARAT,C SHIVAJI TERM MUMBAI,CSMT,2.0,SCR,,
20706,J VANDE BHARAT,DADAR,DR,1.0,SCR,72.842972,19.017179
20706,J VANDE BHARAT,THANE,TNA,1.0,SCR,72.97541700000000,19.185757
20706,J VANDE BHARAT,KALYAN JN,KYN,10.0,SCR,73.12974,19.234716
20706,J VANDE BHARAT,NASIK ROAD,NK,4.0,SCR,73.841897,19.947627
20706,J VANDE BHARAT,MANMAD JN,MMR,6.0,SCR,74.438305,20.249887
20706,J VANDE BHARAT,AURANGABAD,AWB,6.0,SCR,75.31064600000000,19.859276
20707,VSKP VANDEBHARAT,SECUNDERABAD JN,SC,3.0,SCR,78.50148100000000,17.433147
20707,VSKP VANDEBHARAT,WARANGAL,WL,15.0,SCR,79.604929,17.972477
20707,VSKP VANDEBHARAT,KHAMMAM,KMT,17.0,SCR,80.138491,17.249347
20707,VSKP VANDEBHARAT,VIJAYAWADA JN,BZA,18.0,SCR,80.61864800000000,16.518262
20707,VSKP VANDEBHARAT,ELURU,EE,25.0,SCR,81.11976200000000,16.717816
20707,VSKP VANDEBHARAT,RAJAMUNDRY,RJY,29.0,SCR,81.783901,16.984159
20707,VSKP VANDEBHARAT,SAMALKOT JN,SLO,32.0,SCR,82.168724,17.044827
20708,VANDE BHARAT EXP,VISHAKAPATNAM,VSKP,3.0,SCR,83.289514,17.72159
20708,VANDE BHARAT EXP,SAMALKOT JN,SLO,25.0,SCR,82.168724,17.044827
20708,VANDE BHARAT EXP,RAJAMUNDRY,RJY,28.0,SCR,81.783901,16.984159
20708,VANDE BHARAT EXP,ELURU,EE,22.0,SCR,81.11976200000000,16.717816
20708,VANDE BHARAT EXP,VIJAYAWADA JN,BZA,14.0,SCR,80.61864800000000,16.518262
20708,VANDE BHARAT EXP,KHAMMAM,KMT,10.0,SCR,80.138491,17.249347
20708,VANDE BHARAT EXP,WARANGAL,WL,21.0,SCR,79.604929,17.972477
20821,PUNE SRC HUMSAFR,PUNE JN,PUNE,376.0,SER,73.873086,18.529378
20821,PUNE SRC HUMSAFR,PANVEL,PNVL,437.0,SER,73.121756,18.990919
20821,PUNE SRC HUMSAFR,KALYAN JN,KYN,475.0,SER,73.12974,19.234716
20821,PUNE SRC HUMSAFR,BHUSAVAL JN,BSL,524.0,SER,75.78867170000000,21.0472812
20821,PUNE SRC HUMSAFR,NAGPUR,NGP,553.0,SER,79.089004,21.153567
20821,PUNE SRC HUMSAFR,GONDIA JN,G,562.0,SER,80.190842,21.462435
20821,PUNE SRC HUMSAFR,DURG,DURG,549.0,SER,81.291837,21.200327
20821,PUNE SRC HUMSAFR,RAIPUR JN,R,557.0,SER,81.629328,21.256462
20821,PUNE SRC HUMSAFR,BILASPUR JN,BSP,565.0,SER,82.167585,22.057473
20821,PUNE SRC HUMSAFR,JHARSUGUDA JN,JSG,644.0,SER,84.017427,21.862274
20821,PUNE SRC HUMSAFR,ROURKELA,ROU,699.0,SER,84.86313200000000,22.22844
20821,PUNE SRC HUMSAFR,CHAKRADHARPUR,CKP,727.0,SER,85.62777100000000,22.678979
20821,PUNE SRC HUMSAFR,TATANAGAR JN,TATA,809.0,SER,86.20056000000000,22.768954
20821,PUNE SRC HUMSAFR,KHARAGPUR JN,KGP,817.0,SER,87.32845600000000,22.341432
20821,PUNE SRC HUMSAFR,SANTRAGACHI JN,SRC,888.0,SER,88.284011,22.58393
20822,PUNE HUMSAFAR,SANTRAGACHI JN,SRC,172.0,SER,88.284011,22.58393
20822,PUNE HUMSAFAR,KHARAGPUR JN,KGP,211.0,SER,87.32845600000000,22.341432
20822,PUNE HUMSAFAR,TATANAGAR JN,TATA,212.0,SER,86.20056000000000,22.768954
20822,PUNE HUMSAFAR,CHAKRADHARPUR,CKP,242.0,SER,85.62777100000000,22.678979
20822,PUNE HUMSAFAR,ROURKELA,ROU,276.0,SER,84.86313200000000,22.22844
20822,PUNE HUMSAFAR,JHARSUGUDA JN,JSG,283.0,SER,84.017427,21.862274
20822,PUNE HUMSAFAR,BILASPUR JN,BSP,339.0,SER,82.167585,22.057473
20822,PUNE HUMSAFAR,RAIPUR JN,R,360.0,SER,81.629328,21.256462
20822,PUNE HUMSAFAR,DURG,DURG,345.0,SER,81.291837,21.200327
20822,PUNE HUMSAFAR,GONDIA JN,G,360.0,SER,80.190842,21.462435
20822,PUNE HUMSAFAR,NAGPUR,NGP,344.0,SER,79.089004,21.153567
20822,PUNE HUMSAFAR,BHUSAVAL JN,BSL,406.0,SER,75.78867170000000,21.0472812
20822,PUNE HUMSAFAR,KALYAN JN,KYN,444.0,SER,73.12974,19.234716
20822,PUNE HUMSAFAR,PANVEL,PNVL,477.0,SER,73.121756,18.990919
20822,PUNE HUMSAFAR,PUNE JN,PUNE,494.0,SER,73.873086,18.529378
20825,VANDE BHARAT EXP,BILASPUR JN,BSP,1.0,SECR,82.167585,22.057473
20825,VANDE BHARAT EXP,RAIPUR JN,R,5.0,SECR,81.629328,21.256462
20825,VANDE BHARAT EXP,DURG,DURG,1.0,SECR,81.291837,21.200327
20825,VANDE BHARAT EXP,RAJ NANDGAON,RJN,5.0,SECR,81.039019,21.101186
20825,VANDE BHARAT EXP,DONGARGARH,DGG,10.0,SECR,80.759857,21.185492
20825,VANDE BHARAT EXP,GONDIA JN,G,12.0,SECR,80.190842,21.462435
20826,BSP VANDE BHARAT,NAGPUR,NGP,1.0,SECR,79.089004,21.153567
20826,BSP VANDE BHARAT,GONDIA JN,G,4.0,SECR,80.190842,21.462435
20826,BSP VANDE BHARAT,DONGARGARH,DGG,4.0,SECR,80.759857,21.185492
20826,BSP VANDE BHARAT,RAJ NANDGAON,RJN,4.0,SECR,81.039019,21.101186
20826,BSP VANDE BHARAT,DURG,DURG,3.0,SECR,81.291837,21.200327
20826,BSP VANDE BHARAT,RAIPUR JN,R,11.0,SECR,81.629328,21.256462
20827,JBP SRC HUMSAFR,JABALPUR,JBP,278.0,SER,79.950919,23.164636
20827,JBP SRC HUMSAFR,KATNI SOUTH,KTES,322.0,SER,80.401113,23.824725
20827,JBP SRC HUMSAFR,SHAHDOL,SDL,335.0,SER,81.36407300000000,23.285962
20827,JBP SRC HUMSAFR,ANUPPUR JN,APR,340.0,SER,81.695967,23.117312
20827,JBP SRC HUMSAFR,BILASPUR JN,BSP,380.0,SER,82.167585,22.057473
20827,JBP SRC HUMSAFR,RAIGARH,RIG,424.0,SER,83.39067,21.891289
20827,JBP SRC HUMSAFR,JHARSUGUDA JN,JSG,402.0,SER,84.017427,21.862274
20827,JBP SRC HUMSAFR,ROURKELA,ROU,459.0,SER,84.86313200000000,22.22844
20827,JBP SRC HUMSAFR,CHAKRADHARPUR,CKP,486.0,SER,85.62777100000000,22.678979
20827,JBP SRC HUMSAFR,TATANAGAR JN,TATA,570.0,SER,86.20056000000000,22.768954
20827,JBP SRC HUMSAFR,KHARAGPUR JN,KGP,593.0,SER,87.32845600000000,22.341432
20827,JBP SRC HUMSAFR,SANTRAGACHI JN,SRC,619.0,SER,88.284011,22.58393
20828,HUMSAFAR EXP,SANTRAGACHI JN,SRC,199.0,SER,88.284011,22.58393
20828,HUMSAFAR EXP,KHARAGPUR JN,KGP,235.0,SER,87.32845600000000,22.341432
20828,HUMSAFAR EXP,TATANAGAR JN,TATA,250.0,SER,86.20056000000000,22.768954
20828,HUMSAFAR EXP,CHAKRADHARPUR,CKP,288.0,SER,85.62777100000000,22.678979
20828,HUMSAFAR EXP,ROURKELA,ROU,335.0,SER,84.86313200000000,22.22844
20828,HUMSAFAR EXP,JHARSUGUDA JN,JSG,358.0,SER,84.017427,21.862274
20828,HUMSAFAR EXP,RAIGARH,RIG,400.0,SER,83.39067,21.891289
20828,HUMSAFAR EXP,BILASPUR JN,BSP,417.0,SER,82.167585,22.057473
20828,HUMSAFAR EXP,ANUPPUR JN,APR,471.0,SER,81.695967,23.117312
20828,HUMSAFAR EXP,SHAHDOL,SDL,475.0,SER,81.36407300000000,23.285962
20828,HUMSAFAR EXP,KATNI SOUTH,KTES,488.0,SER,80.401113,23.824725
20828,HUMSAFAR EXP,JABALPUR,JBP,475.0,SER,79.950919,23.164636
20830,VANDE BHARAT EXP,VISHAKAPATNAM,VSKP,21.0,SECR,83.289514,17.72159
20830,VANDE BHARAT EXP,VIZIANAGRAM JN,VZM,25.0,SECR,83.39558600000000,18.111374
20830,VANDE BHARAT EXP,PARVATIPURAM,PVP,22.0,SECR,83.42696600000000,18.77067
20830,VANDE BHARAT EXP,RAYAGADA,RGDA,21.0,SECR,83.410505,19.175642
20830,VANDE BHARAT EXP,KESINGA,KSNG,43.0,SECR,83.224709,20.188103
20830,VANDE BHARAT EXP,TITLAGARH,TIG,46.0,SECR,83.154382,20.284399
20830,VANDE BHARAT EXP,KANTABANJI,KBJ,52.0,SECR,82.906517,20.474059
20830,VANDE BHARAT EXP,KHARIAR ROAD,KRAR,60.0,SECR,82.510513277,20.9013855558
20830,VANDE BHARAT EXP,MAHASAMUND,MSMD,61.0,SECR,82.10389,21.113138
20830,VANDE BHARAT EXP,RAIPUR JN,R,36.0,SECR,81.629328,21.256462
20830,VANDE BHARAT EXP,DURG,DURG,32.0,SECR,81.291837,21.200327
20833,VANDE BHARAT EXP,VISHAKAPATNAM,VSKP,4.0,ECOR,83.289514,17.72159
20833,VANDE BHARAT EXP,SAMALKOT JN,SLO,21.0,ECOR,82.168724,17.044827
20833,VANDE BHARAT EXP,RAJAMUNDRY,RJY,19.0,ECOR,81.783901,16.984159
20833,VANDE BHARAT EXP,VIJAYAWADA JN,BZA,11.0,ECOR,80.61864800000000,16.518262
20833,VANDE BHARAT EXP,KHAMMAM,KMT,16.0,ECOR,80.138491,17.249347
20833,VANDE BHARAT EXP,WARANGAL,WL,25.0,ECOR,79.604929,17.972477
20833,VANDE BHARAT EXP,SECUNDERABAD JN,SC,6.0,ECOR,78.50148100000000,17.433147
20834,VANDE BHARAT EX,SECUNDERABAD JN,SC,9.0,ECOR,78.50148100000000,17.433147
20834,VANDE BHARAT EX,WARANGAL,WL,26.0,ECOR,79.604929,17.972477
20834,VANDE BHARAT EX,KHAMMAM,KMT,24.0,ECOR,80.138491,17.249347
20834,VANDE BHARAT EX,VIJAYAWADA JN,BZA,32.0,ECOR,80.61864800000000,16.518262
20834,VANDE BHARAT EX,RAJAMUNDRY,RJY,35.0,ECOR,81.783901,16.984159
20834,VANDE BHARAT EX,SAMALKOT JN,SLO,29.0,ECOR,82.168724,17.044827
20834,VANDE BHARAT EX,VISHAKAPATNAM,VSKP,8.0,ECOR,83.289514,17.72159
20835,VANDE BHARAT EXP,ROURKELA,ROU,8.0,ECOR,84.86313200000000,22.22844
20835,VANDE BHARAT EXP,JHARSUGUDA JN,JSG,20.0,ECOR,84.017427,21.862274
20835,VANDE BHARAT EXP,SAMBALPUR CITY,SBPY,22.0,ECOR,84.0076171613,21.4770222859
20835,VANDE BHARAT EXP,RAIRAKHOL,RAIR,32.0,ECOR,84.333562,21.046745
20835,VANDE BHARAT EXP,ANGUL,ANGL,25.0,ECOR,85.099994,20.859445
20835,VANDE BHARAT EXP,TALCHER ROAD,TLHD,26.0,ECOR,85.207934,20.886651
20835,VANDE BHARAT EXP,DHENKANAL,DNKL,44.0,ECOR,85.59087800000000,20.676825
20835,VANDE BHARAT EXP,CUTTACK,CTC,34.0,ECOR,85.90156,20.466588
20835,VANDE BHARAT EXP,BHUBANESWAR,BBS,34.0,ECOR,85.84259500000000,20.265388
20835,VANDE BHARAT EXP,KHURDA ROAD JN,KUR,33.0,ECOR,85.70823400000000,20.153076
20835,VANDE BHARAT EXP,PURI,PURI,31.0,ECOR,85.839992,19.811459
20836,VANDE BHARAT EXP,PURI,PURI,6.0,ECOR,85.839992,19.811459
20836,VANDE BHARAT EXP,KHURDA ROAD JN,KUR,13.0,ECOR,85.70823400000000,20.153076
20836,VANDE BHARAT EXP,BHUBANESWAR,BBS,14.0,ECOR,85.84259500000000,20.265388
20836,VANDE BHARAT EXP,CUTTACK,CTC,19.0,ECOR,85.90156,20.466588
20836,VANDE BHARAT EXP,DHENKANAL,DNKL,14.0,ECOR,85.59087800000000,20.676825
20836,VANDE BHARAT EXP,TALCHER ROAD,TLHD,18.0,ECOR,85.207934,20.886651
20836,VANDE BHARAT EXP,ANGUL,ANGL,20.0,ECOR,85.099994,20.859445
20836,VANDE BHARAT EXP,RAIRAKHOL,RAIR,20.0,ECOR,84.333562,21.046745
20836,VANDE BHARAT EXP,SAMBALPUR CITY,SBPY,19.0,ECOR,84.0076171613,21.4770222859
20836,VANDE BHARAT EXP,JHARSUGUDA JN,JSG,13.0,ECOR,84.017427,21.862274
20836,VANDE BHARAT EXP,ROURKELA,ROU,4.0,ECOR,84.86313200000000,22.22844
20841,VANDE BHARAT EXP,BHUBANESWAR,BBS,2.0,ECOR,85.84259500000000,20.265388
20841,VANDE BHARAT EXP,KHURDA ROAD JN,KUR,4.0,ECOR,85.70823400000000,20.153076
20841,VANDE BHARAT EXP,BALUGAN,BALU,7.0,ECOR,85.200953,19.747366
20841,VANDE BHARAT EXP,BRAHMAPUR,BAM,11.0,ECOR,84.7966912,19.2961348
20841,VANDE BHARAT EXP,ICHCHPURAM,IPM,21.0,ECOR,84.680427,19.110752
20841,VANDE BHARAT EXP,PALASA,PSA,3.0,ECOR,84.42209100000000,18.756782
20841,VANDE BHARAT EXP,SRIKAKULAM ROAD,CHE,17.0,ECOR,83.903771,18.408679
20841,VANDE BHARAT EXP,VIZIANAGRAM JN,VZM,13.0,ECOR,83.39558600000000,18.111374
20841,VANDE BHARAT EXP,VISHAKAPATNAM,VSKP,2.0,ECOR,83.289514,17.72159
20842,VANDE BHARAT EXP,VISHAKAPATNAM,VSKP,2.0,ECOR,83.289514,17.72159
20842,VANDE BHARAT EXP,VIZIANAGRAM JN,VZM,2.0,ECOR,83.39558600000000,18.111374
20842,VANDE BHARAT EXP,SRIKAKULAM ROAD,CHE,2.0,ECOR,83.903771,18.408679
20842,VANDE BHARAT EXP,PALASA,PSA,1.0,ECOR,84.42209100000000,18.756782
20842,VANDE BHARAT EXP,ICHCHPURAM,IPM,6.0,ECOR,84.680427,19.110752
20842,VANDE BHARAT EXP,BRAHMAPUR,BAM,10.0,ECOR,84.7966912,19.2961348
20842,VANDE BHARAT EXP,BALUGAN,BALU,8.0,ECOR,85.200953,19.747366
20842,VANDE BHARAT EXP,KHURDA ROAD JN,KUR,4.0,ECOR,85.70823400000000,20.153076
20871,VANDE BHARAT EXP,HOWRAH JN,HWH,3.0,SER,88.34099900000000,22.584078
20871,VANDE BHARAT EXP,KHARAGPUR JN,KGP,8.0,SER,87.32845600000000,22.341432
20871,VANDE BHARAT EXP,TATANAGAR JN,TATA,9.0,SER,86.20056000000000,22.768954
20871,VANDE BHARAT EXP,CHAKRADHARPUR,CKP,20.0,SER,85.62777100000000,22.678979
20872,VANDE BHARAT EXP,ROURKELA,ROU,4.0,SER,84.86313200000000,22.22844
20872,VANDE BHARAT EXP,CHAKRADHARPUR,CKP,14.0,SER,85.62777100000000,22.678979
20872,VANDE BHARAT EXP,TATANAGAR JN,TATA,35.0,SER,86.20056000000000,22.768954
20872,VANDE BHARAT EXP,KHARAGPUR JN,KGP,48.0,SER,87.32845600000000,22.341432
20872,VANDE BHARAT EXP,HOWRAH JN,HWH,40.0,SER,88.34099900000000,22.584078
20887,VANDE BHARAT EXP,RANCHI,RNC,11.0,SER,85.33352,23.348811
20887,VANDE BHARAT EXP,MURI,MURI,12.0,SER,85.8669906885,23.376284371
20887,VANDE BHARAT EXP,BOKARO STL CITY,BKSC,10.0,SER,86.08501600000000,23.656551
20887,VANDE BHARAT EXP,PARASNATH,PNME,9.0,SER,86.037862,23.987971
20887,VANDE BHARAT EXP,KODERMA,KQR,12.0,SER,85.52945800000000,24.434741
20887,VANDE BHARAT EXP,GAYA JN,GAYA,11.0,SER,84.999294,24.803978
20887,VANDE BHARAT EXP,SASARAM,SSM,17.0,SER,84.019423,24.955926
20887,VANDE BHARAT EXP,PT DEEN DAYAL UPADHYAY JN,DDU,13.0,SER,,
20887,VANDE BHARAT EXP,VARANASI JN,BSB,8.0,SER,82.986468,25.327281
20888,VANDE BHARAT EXP,VARANASI JN,BSB,4.0,SER,82.986468,25.327281
20888,VANDE BHARAT EXP,PT DEEN DAYAL UPADHYAY JN,DDU,7.0,SER,,
20888,VANDE BHARAT EXP,SASARAM,SSM,10.0,SER,84.019423,24.955926
20888,VANDE BHARAT EXP,GAYA JN,GAYA,21.0,SER,84.999294,24.803978
20888,VANDE BHARAT EXP,KODERMA,KQR,24.0,SER,85.52945800000000,24.434741
20888,VANDE BHARAT EXP,PARASNATH,PNME,14.0,SER,86.037862,23.987971
20888,VANDE BHARAT EXP,BOKARO STL CITY,BKSC,12.0,SER,86.08501600000000,23.656551
20888,VANDE BHARAT EXP,MURI,MURI,7.0,SER,85.8669906885,23.376284371
20889,HUMSAFAR EXP,HOWRAH JN,HWH,73.0,SER,88.34099900000000,22.584078
20889,HUMSAFAR EXP,KHARAGPUR JN,KGP,85.0,SER,87.32845600000000,22.341432
20889,HUMSAFAR EXP,CUTTACK,CTC,115.0,SER,85.90156,20.466588
20889,HUMSAFAR EXP,BHUBANESWAR,BBS,143.0,SER,85.84259500000000,20.265388
20889,HUMSAFAR EXP,VIZIANAGRAM JN,VZM,124.0,SER,83.39558600000000,18.111374
20889,HUMSAFAR EXP,VISHAKAPATNAM,VSKP,130.0,SER,83.289514,17.72159
20889,HUMSAFAR EXP,RAJAMUNDRY,RJY,136.0,SER,81.783901,16.984159
20889,HUMSAFAR EXP,VIJAYAWADA JN,BZA,136.0,SER,80.61864800000000,16.518262
20889,HUMSAFAR EXP,ONGOLE,OGL,131.0,SER,80.057404,15.498064
20889,HUMSAFAR EXP,NELLORE,NLR,141.0,SER,79.989383,14.460592
20889,HUMSAFAR EXP,RENIGUNTA JN,RU,125.0,SER,79.50629000000000,13.636261
20889,HUMSAFAR EXP,TIRUPATI,TPTY,100.0,SER,79.418968,13.62763
20890,HWH HUMSAFAR SF,TIRUPATI,TPTY,76.0,SER,79.418968,13.62763
20890,HWH HUMSAFAR SF,RENIGUNTA JN,RU,95.0,SER,79.50629000000000,13.636261
20890,HWH HUMSAFAR SF,NELLORE,NLR,102.0,SER,79.989383,14.460592
20890,HWH HUMSAFAR SF,ONGOLE,OGL,101.0,SER,80.057404,15.498064
20890,HWH HUMSAFAR SF,VIJAYAWADA JN,BZA,94.0,SER,80.61864800000000,16.518262
20890,HWH HUMSAFAR SF,RAJAMUNDRY,RJY,107.0,SER,81.783901,16.984159
20890,HWH HUMSAFAR SF,VISHAKAPATNAM,VSKP,85.0,SER,83.289514,17.72159
20890,HWH HUMSAFAR SF,VIZIANAGRAM JN,VZM,95.0,SER,83.39558600000000,18.111374
20890,HWH HUMSAFAR SF,BRAHMAPUR,BAM,182.0,SER,84.7966912,19.2961348
20890,HWH HUMSAFAR SF,BHUBANESWAR,BBS,91.0,SER,85.84259500000000,20.265388
20890,HWH HUMSAFAR SF,CUTTACK,CTC,102.0,SER,85.90156,20.466588
20890,HWH HUMSAFAR SF,KHARAGPUR JN,KGP,146.0,SER,87.32845600000000,22.341432
20890,HWH HUMSAFAR SF,HOWRAH JN,HWH,156.0,SER,88.34099900000000,22.584078
20891,VANDE BHARAT EXP,TATANAGAR JN,TATA,1.0,SER,86.20056000000000,22.768954
20891,VANDE BHARAT EXP,CHAIBASA,CBSA,21.0,SER,85.812342,22.560494
20891,VANDE BHARAT EXP,BANSPANI,BSPX,29.0,SER,85.42341227,22.00024281
20891,VANDE BHARAT EXP,KENDUJHARGARH,KDJR,25.0,SER,85.62690500000000,21.66029
20891,VANDE BHARAT EXP,HARICHANDANPUR,HCNR,23.0,SER,85.795395,21.328476
20891,VANDE BHARAT EXP,JAKHAPURA,JKPR,31.0,SER,86.06534000000000,20.917821
20891,VANDE BHARAT EXP,CUTTACK,CTC,37.0,SER,85.90156,20.466588
20891,VANDE BHARAT EXP,BHUBANESWAR,BBS,54.0,SER,85.84259500000000,20.265388
20891,VANDE BHARAT EXP,KHURDA ROAD JN,KUR,58.0,SER,85.70823400000000,20.153076
20891,VANDE BHARAT EXP,BALUGAN,BALU,48.0,SER,85.200953,19.747366
20891,VANDE BHARAT EXP,BRAHMAPUR,BAM,41.0,SER,84.7966912,19.2961348
20892,VANDE BHARAT EXP,BRAHMAPUR,BAM,2.0,SER,84.7966912,19.2961348
20892,VANDE BHARAT EXP,BALUGAN,BALU,25.0,SER,85.200953,19.747366
20892,VANDE BHARAT EXP,KHURDA ROAD JN,KUR,16.0,SER,85.70823400000000,20.153076
20892,VANDE BHARAT EXP,BHUBANESWAR,BBS,17.0,SER,85.84259500000000,20.265388
20892,VANDE BHARAT EXP,CUTTACK,CTC,30.0,SER,85.90156,20.466588
20892,VANDE BHARAT EXP,JAKHAPURA,JKPR,35.0,SER,86.06534000000000,20.917821
20892,VANDE BHARAT EXP,HARICHANDANPUR,HCNR,41.0,SER,85.795395,21.328476
20892,VANDE BHARAT EXP,KENDUJHARGARH,KDJR,29.0,SER,85.62690500000000,21.66029
20892,VANDE BHARAT EXP,BANSPANI,BSPX,24.0,SER,85.42341227,22.00024281
20892,VANDE BHARAT EXP,CHAIBASA,CBSA,21.0,SER,85.812342,22.560494
20893,VANDE BHARAT EXP,TATANAGAR JN,TATA,2.0,SER,86.20056000000000,22.768954
20893,VANDE BHARAT EXP,CHANDIL JN,CNI,13.0,SER,86.07210900000000,22.956014
20893,VANDE BHARAT EXP,MURI,MURI,6.0,SER,85.8669906885,23.376284371
20893,VANDE BHARAT EXP,BOKARO STL CITY,BKSC,7.0,SER,86.08501600000000,23.656551
20893,VANDE BHARAT EXP,NSC BOSE J GOMO,GMO,3.0,SER,86.14823,23.873106
20893,VANDE BHARAT EXP,PARASNATH,PNME,6.0,SER,86.037862,23.987971
20893,VANDE BHARAT EXP,KODERMA,KQR,5.0,SER,85.52945800000000,24.434741
20893,VANDE BHARAT EXP,GAYA JN,GAYA,4.0,SER,84.999294,24.803978
20894,VANDE BHARAT EXP,PATNA JN,PNBE,2.0,SER,85.136824,25.60256
20894,VANDE BHARAT EXP,GAYA JN,GAYA,3.0,SER,84.999294,24.803978
20894,VANDE BHARAT EXP,KODERMA,KQR,3.0,SER,85.52945800000000,24.434741
20894,VANDE BHARAT EXP,PARASNATH,PNME,2.0,SER,86.037862,23.987971
20894,VANDE BHARAT EXP,NSC BOSE J GOMO,GMO,4.0,SER,86.14823,23.873106
20894,VANDE BHARAT EXP,BOKARO STL CITY,BKSC,4.0,SER,86.08501600000000,23.656551
20894,VANDE BHARAT EXP,MURI,MURI,7.0,SER,85.8669906885,23.376284371
20894,VANDE BHARAT EXP,CHANDIL JN,CNI,8.0,SER,86.07210900000000,22.956014
20894,VANDE BHARAT EXP,TATANAGAR JN,TATA,3.0,SER,86.20056000000000,22.768954
20897,VANDE BHARAT EXP,HOWRAH JN,HWH,13.0,SER,88.34099900000000,22.584078
20897,VANDE BHARAT EXP,KHARAGPUR JN,KGP,13.0,SER,87.32845600000000,22.341432
20897,VANDE BHARAT EXP,TATANAGAR JN,TATA,16.0,SER,86.20056000000000,22.768954
20897,VANDE BHARAT EXP,CHANDIL JN,CNI,38.0,SER,86.07210900000000,22.956014
20897,VANDE BHARAT EXP,PURULIA JN,PRR,42.0,SER,86.37787,23.324911
20897,VANDE BHARAT EXP,KOTSHILA,KSX,36.0,SER,86.079548,23.411691
20897,VANDE BHARAT EXP,MURI,MURI,38.0,SER,85.8669906885,23.376284371
20897,VANDE BHARAT EXP,RANCHI,RNC,3.0,SER,85.33352,23.348811
20898,VANDE BHARAT EXP,RANCHI,RNC,2.0,SER,85.33352,23.348811
20898,VANDE BHARAT EXP,MURI,MURI,6.0,SER,85.8669906885,23.376284371
20898,VANDE BHARAT EXP,KOTSHILA,KSX,5.0,SER,86.079548,23.411691
20898,VANDE BHARAT EXP,PURULIA JN,PRR,5.0,SER,86.37787,23.324911
20898,VANDE BHARAT EXP,CHANDIL JN,CNI,11.0,SER,86.07210900000000,22.956014
20898,VANDE BHARAT EXP,TATANAGAR JN,TATA,39.0,SER,86.20056000000000,22.768954
20898,VANDE BHARAT EXP,KHARAGPUR JN,KGP,55.0,SER,87.32845600000000,22.341432
20898,VANDE BHARAT EXP,HOWRAH JN,HWH,46.0,SER,88.34099900000000,22.584078
20901,VANDE BHARAT EXP,MUMBAI CENTRAL,MMCT,4.0,WR,72.8194,18.9697
20901,VANDE BHARAT EXP,BORIVALI,BVI,12.0,WR,72.85641200000000,19.228739
20901,VANDE BHARAT EXP,VAPI,VAPI,5.0,WR,72.90912700000000,20.374338
20901,VANDE BHARAT EXP,SURAT,ST,8.0,WR,72.840793,21.206568
20901,VANDE BHARAT EXP,VADODARA JN,BRC,10.0,WR,73.181065,22.310756
20901,VANDE BHARAT EXP,AHMEDABAD JN,ADI,6.0,WR,72.601516,23.025515
20902,VANDE BHARAT EXP,GANDHINAGAR CAP,GNC,2.0,WR,72.62916200000000,23.233379
20902,VANDE BHARAT EXP,AHMEDABAD JN,ADI,3.0,WR,72.601516,23.025515
20902,VANDE BHARAT EXP,VADODARA JN,BRC,12.0,WR,73.181065,22.310756
20902,VANDE BHARAT EXP,SURAT,ST,18.0,WR,72.840793,21.206568
20902,VANDE BHARAT EXP,VAPI,VAPI,16.0,WR,72.90912700000000,20.374338
20902,VANDE BHARAT EXP,BORIVALI,BVI,25.0,WR,72.85641200000000,19.228739
20902,VANDE BHARAT EXP,MUMBAI CENTRAL,MMCT,8.0,WR,72.8194,18.9697
20911,NGP VANDEBHARAT,INDORE JN BG,INDB,1.0,WR,75.868429,22.71757
20911,NGP VANDEBHARAT,UJJAIN JN,UJN,14.0,WR,75.781403,23.178154
20911,NGP VANDEBHARAT,BHOPAL JN,BPL,4.0,WR,77.4131428577,23.2668843843
20911,NGP VANDEBHARAT,NARMADAPURAM,NDPM,1.0,WR,,
20911,NGP VANDEBHARAT,ITARSI JN,ET,5.0,WR,77.767128,22.608258
20911,NGP VANDEBHARAT,BETUL,BZU,10.0,WR,77.90589700000000,21.896393
20911,NGP VANDEBHARAT,NAGPUR,NGP,0.0,WR,79.089004,21.153567
20912,VANDE BHARAT EXP,NAGPUR,NGP,2.0,WR,79.089004,21.153567
20912,VANDE BHARAT EXP,BETUL,BZU,11.0,WR,77.90589700000000,21.896393
20912,VANDE BHARAT EXP,ITARSI JN,ET,13.0,WR,77.767128,22.608258
20912,VANDE BHARAT EXP,NARMADAPURAM,NDPM,12.0,WR,,
20912,VANDE BHARAT EXP,BHOPAL JN,BPL,6.0,WR,77.4131428577,23.2668843843
20912,VANDE BHARAT EXP,UJJAIN JN,UJN,3.0,WR,75.781403,23.178154
20915,LPI INDB HUMSAFR,LINGAMPALLI,LPI,1.0,WR,78.31677400000000,17.482874
20915,LPI INDB HUMSAFR,VIKARABAD JN,VKB,17.0,WR,77.90940900000000,17.337132
20915,LPI INDB HUMSAFR,SERAM,SEM,18.0,WR,77.28353,17.180683
20915,LPI INDB HUMSAFR,KALABURAGI JN,KLBG,32.0,WR,,
20915,LPI INDB HUMSAFR,SOLAPUR JN,SUR,23.0,WR,75.893401,17.664496
20915,LPI INDB HUMSAFR,PUNE JN,PUNE,8.0,WR,73.873086,18.529378
20915,LPI INDB HUMSAFR,PANVEL,PNVL,31.0,WR,73.121756,18.990919
20915,LPI INDB HUMSAFR,VASAI ROAD,BSR,11.0,WR,72.8322217,19.3824486
20915,LPI INDB HUMSAFR,SURAT,ST,15.0,WR,72.840793,21.206568
20915,LPI INDB HUMSAFR,VADODARA JN,BRC,14.0,WR,73.181065,22.310756
20915,LPI INDB HUMSAFR,RATLAM JN,RTM,28.0,WR,75.050826,23.34038
20915,LPI INDB HUMSAFR,UJJAIN JN,UJN,14.0,WR,75.781403,23.178154
20916,INDB LPI HUMSAFR,INDORE JN BG,INDB,1.0,WR,75.868429,22.71757
20916,INDB LPI HUMSAFR,UJJAIN JN,UJN,6.0,WR,75.781403,23.178154
20916,INDB LPI HUMSAFR,RATLAM JN,RTM,8.0,WR,75.050826,23.34038
20916,INDB LPI HUMSAFR,VADODARA JN,BRC,5.0,WR,73.181065,22.310756
20916,INDB LPI HUMSAFR,SURAT,ST,12.0,WR,72.840793,21.206568
20916,INDB LPI HUMSAFR,VASAI ROAD,BSR,13.0,WR,72.8322217,19.3824486
20916,INDB LPI HUMSAFR,PANVEL,PNVL,13.0,WR,73.121756,18.990919
20916,INDB LPI HUMSAFR,PUNE JN,PUNE,30.0,WR,73.873086,18.529378
20916,INDB LPI HUMSAFR,SOLAPUR JN,SUR,29.0,WR,75.893401,17.664496
20916,INDB LPI HUMSAFR,KALABURAGI JN,KLBG,20.0,WR,,
20916,INDB LPI HUMSAFR,SERAM,SEM,17.0,WR,77.28353,17.180683
20916,INDB LPI HUMSAFR,VIKARABAD JN,VKB,32.0,WR,77.90940900000000,17.337132
20917,PURI HUMSAFAR EX,INDORE JN BG,INDB,1.0,WR,75.868429,22.71757
20917,PURI HUMSAFAR EX,DEWAS,DWX,13.0,WR,76.051191,22.977556
20917,PURI HUMSAFAR EX,BHOPAL JN,BPL,27.0,WR,77.4131428577,23.2668843843
20917,PURI HUMSAFAR EX,ITARSI JN,ET,34.0,WR,77.767128,22.608258
20917,PURI HUMSAFAR EX,NAGPUR,NGP,12.0,WR,79.089004,21.153567
20917,PURI HUMSAFAR EX,GONDIA JN,G,22.0,WR,80.190842,21.462435
20917,PURI HUMSAFAR EX,RAJ NANDGAON,RJN,20.0,WR,81.039019,21.101186
20917,PURI HUMSAFAR EX,DURG,DURG,9.0,WR,81.291837,21.200327
20917,PURI HUMSAFAR EX,RAIPUR JN,R,18.0,WR,81.629328,21.256462
20917,PURI HUMSAFAR EX,BILASPUR JN,BSP,19.0,WR,82.167585,22.057473
20917,PURI HUMSAFAR EX,RAIGARH,RIG,50.0,WR,83.39067,21.891289
20917,PURI HUMSAFAR EX,JHARSUGUDA ROAD,JSGR,54.0,WR,84.010526,21.850125
20917,PURI HUMSAFAR EX,SAMBALPUR CITY,SBPY,73.0,WR,84.0076171613,21.4770222859
20917,PURI HUMSAFAR EX,ANGUL,ANGL,38.0,WR,85.099994,20.859445
20917,PURI HUMSAFAR EX,BHUBANESWAR,BBS,69.0,WR,85.84259500000000,20.265388
20917,PURI HUMSAFAR EX,KHURDA ROAD JN,KUR,78.0,WR,85.70823400000000,20.153076
20917,PURI HUMSAFAR EX,PURI,PURI,63.0,WR,85.839992,19.811459
20918,INDB HUMSAFAR EX,PURI,PURI,2.0,WR,85.839992,19.811459
20918,INDB HUMSAFAR EX,KHURDA ROAD JN,KUR,11.0,WR,85.70823400000000,20.153076
20918,INDB HUMSAFAR EX,BHUBANESWAR,BBS,10.0,WR,85.84259500000000,20.265388
20918,INDB HUMSAFAR EX,DHENKANAL,DNKL,31.0,WR,85.59087800000000,20.676825
20918,INDB HUMSAFAR EX,TALCHER ROAD,TLHD,55.0,WR,85.207934,20.886651
20918,INDB HUMSAFAR EX,ANGUL,ANGL,61.0,WR,85.099994,20.859445
20918,INDB HUMSAFAR EX,SAMBALPUR CITY,SBPY,37.0,WR,84.0076171613,21.4770222859
20918,INDB HUMSAFAR EX,JHARSUGUDA ROAD,JSGR,41.0,WR,84.010526,21.850125
20918,INDB HUMSAFAR EX,RAIGARH,RIG,60.0,WR,83.39067,21.891289
20918,INDB HUMSAFAR EX,BILASPUR JN,BSP,76.0,WR,82.167585,22.057473
20918,INDB HUMSAFAR EX,RAIPUR JN,R,91.0,WR,81.629328,21.256462
20918,INDB HUMSAFAR EX,DURG,DURG,77.0,WR,81.291837,21.200327
20918,INDB HUMSAFAR EX,RAJ NANDGAON,RJN,86.0,WR,81.039019,21.101186
20918,INDB HUMSAFAR EX,GONDIA JN,G,86.0,WR,80.190842,21.462435
20918,INDB HUMSAFAR EX,NAGPUR,NGP,68.0,WR,79.089004,21.153567
20918,INDB HUMSAFAR EX,ITARSI JN,ET,39.0,WR,77.767128,22.608258
20918,INDB HUMSAFAR EX,BHOPAL JN,BPL,46.0,WR,77.4131428577,23.2668843843
20918,INDB HUMSAFAR EX,DEWAS,DWX,33.0,WR,76.051191,22.977556
20918,INDB HUMSAFAR EX,INDORE JN BG,INDB,10.0,WR,75.868429,22.71757
20923,GIMB HUMSAFAR,TIRUNELVELI JN,TEN,1.0,WR,77.707979,8.73636
20923,GIMB HUMSAFAR,NAGER COIL TOWN,NJT,21.0,WR,77.4194318207,8.1995718109
20923,GIMB HUMSAFAR,TRIVANDRUM CNTL,TVC,42.0,WR,76.95121000000000,8.486679
20923,GIMB HUMSAFAR,KOLLAM JN,QLN,42.0,WR,76.59675300000000,8.886586
20923,GIMB HUMSAFAR,KAYANKULAM JN,KYJ,50.0,WR,76.512933,9.182586
20923,GIMB HUMSAFAR,ALLEPPEY,ALLP,56.0,WR,76.32247600000000,9.483759
20923,GIMB HUMSAFAR,ERNAKULAM JN,ERS,59.0,WR,76.290672,9.969542
20923,GIMB HUMSAFAR,THRISUR,TCR,55.0,WR,76.207919,10.51479
20923,GIMB HUMSAFAR,SHORANUR JN,SRR,25.0,WR,76.27219600000000,10.758855
20923,GIMB HUMSAFAR,KOZHIKODE,CLT,35.0,WR,75.780407,11.246234
20923,GIMB HUMSAFAR,KANNUR,CAN,36.0,WR,75.3683267,11.8706942
20923,GIMB HUMSAFAR,KASARAGOD,KGQ,41.0,WR,74.987652,12.491175
20923,GIMB HUMSAFAR,MANGALORE JN,MAJN,22.0,WR,74.88006,12.866193
20923,GIMB HUMSAFAR,KARWAR,KAWR,56.0,WR,74.183139,14.821387
20923,GIMB HUMSAFAR,MADGAON,MAO,21.0,WR,73.97072400000000,15.267911
20923,GIMB HUMSAFAR,RATNAGIRI,RN,45.0,WR,73.356938,17.002793
20923,GIMB HUMSAFAR,PANVEL,PNVL,31.0,WR,73.121756,18.990919
20923,GIMB HUMSAFAR,VASAI ROAD,BSR,34.0,WR,72.8322217,19.3824486
20923,GIMB HUMSAFAR,SURAT,ST,23.0,WR,72.840793,21.206568
20923,GIMB HUMSAFAR,VADODARA JN,BRC,25.0,WR,73.181065,22.310756
20923,GIMB HUMSAFAR,AHMEDABAD JN,ADI,23.0,WR,72.601516,23.025515
20924,TEN HUMSAFAR,GANDHIDHAM BG,GIMB,1.0,WR,70.14775400000000,23.069086
20924,TEN HUMSAFAR,AHMEDABAD JN,ADI,8.0,WR,72.601516,23.025515
20924,TEN HUMSAFAR,VADODARA JN,BRC,16.0,WR,73.181065,22.310756
20924,TEN HUMSAFAR,UDHNA JN,UDN,11.0,WR,72.851461,21.171156
20924,TEN HUMSAFAR,SURAT,ST,7.0,WR,72.840793,21.206568
20924,TEN HUMSAFAR,VASAI ROAD,BSR,10.0,WR,72.8322217,19.3824486
20924,TEN HUMSAFAR,PANVEL,PNVL,17.0,WR,73.121756,18.990919
20924,TEN HUMSAFAR,RATNAGIRI,RN,34.0,WR,73.356938,17.002793
20924,TEN HUMSAFAR,MADGAON,MAO,29.0,WR,73.97072400000000,15.267911
20924,TEN HUMSAFAR,KARWAR,KAWR,44.0,WR,74.183139,14.821387
20924,TEN HUMSAFAR,MANGALORE JN,MAJN,36.0,WR,74.88006,12.866193
20924,TEN HUMSAFAR,KASARAGOD,KGQ,43.0,WR,74.987652,12.491175
20924,TEN HUMSAFAR,KANNUR,CAN,50.0,WR,75.3683267,11.8706942
20924,TEN HUMSAFAR,KOZHIKODE,CLT,59.0,WR,75.780407,11.246234
20924,TEN HUMSAFAR,SHORANUR JN,SRR,39.0,WR,76.27219600000000,10.758855
20924,TEN HUMSAFAR,THRISUR,TCR,45.0,WR,76.207919,10.51479
20924,TEN HUMSAFAR,ERNAKULAM JN,ERS,61.0,WR,76.290672,9.969542
20924,TEN HUMSAFAR,ALLEPPEY,ALLP,72.0,WR,76.32247600000000,9.483759
20924,TEN HUMSAFAR,KAYANKULAM JN,KYJ,74.0,WR,76.512933,9.182586
20924,TEN HUMSAFAR,KOLLAM JN,QLN,59.0,WR,76.59675300000000,8.886586
20924,TEN HUMSAFAR,TRIVANDRUM CNTL,TVC,49.0,WR,76.95121000000000,8.486679
20924,TEN HUMSAFAR,NAGER COIL TOWN,NJT,43.0,WR,77.4194318207,8.1995718109
20924,TEN HUMSAFAR,TIRUNELVELI JN,TEN,16.0,WR,77.707979,8.73636
20926,AMI SURAT SF EXP,AMRAVATI,AMI,1.0,WR,77.7577863,20.9300829
20926,AMI SURAT SF EXP,BADNERA JN,BD,5.0,WR,77.73231970000000,20.8567925
20926,AMI SURAT SF EXP,MURTAJAPUR,MZR,15.0,WR,77.35482500000000,20.736468
20926,AMI SURAT SF EXP,AKOLA JN,AK,13.0,WR,77.005497,20.723084
20926,AMI SURAT SF EXP,SHEGAON,SEG,24.0,WR,76.690331,20.801724
20926,AMI SURAT SF EXP,JALAMB JN,JM,27.0,WR,76.573236,20.813007
20926,AMI SURAT SF EXP,NANDURA,NN,26.0,WR,76.46015800000000,20.838889
20926,AMI SURAT SF EXP,MALKAPUR,MKU,17.0,WR,76.202946,20.891974
20926,AMI SURAT SF EXP,BHUSAVAL JN,BSL,7.0,WR,75.78867170000000,21.0472812
20926,AMI SURAT SF EXP,JALGAON JN,JL,10.0,WR,75.56287500000000,21.018115
20926,AMI SURAT SF EXP,DHARANGAON,DXG,2.0,WR,75.286092,21.006447
20926,AMI SURAT SF EXP,AMALNER,AN,4.0,WR,75.057314,21.049009
20926,AMI SURAT SF EXP,NARDANA,NDN,3.0,WR,74.82874700000000,21.178209
20926,AMI SURAT SF EXP,SINDKHEDA,SNK,2.0,WR,74.73536700000000,21.234022
20926,AMI SURAT SF EXP,DONDAICHA,DDE,3.0,WR,74.563104,21.331414
20926,AMI SURAT SF EXP,NANDURBAR,NDB,2.0,WR,74.246482,21.374812
20926,AMI SURAT SF EXP,NAVAPUR,NWU,1.0,WR,73.771183,21.166844
20926,AMI SURAT SF EXP,VYARA,VYA,2.0,WR,73.383847,21.118142
20926,AMI SURAT SF EXP,UDHNA JN,UDN,0.0,WR,72.851461,21.171156
20926,AMI SURAT SF EXP,SURAT,ST,0.0,WR,72.840793,21.206568
20943,BGKT HUMSAFAR,BANDRA TERMINUS,BDTS,1.0,WR,72.840535,19.061911
20943,BGKT HUMSAFAR,BORIVALI,BVI,11.0,WR,72.85641200000000,19.228739
20943,BGKT HUMSAFAR,VAPI,VAPI,15.0,WR,72.90912700000000,20.374338
20943,BGKT HUMSAFAR,UDHNA JN,UDN,15.0,WR,72.851461,21.171156
20943,BGKT HUMSAFAR,SURAT,ST,11.0,WR,72.840793,21.206568
20943,BGKT HUMSAFAR,VADODARA JN,BRC,11.0,WR,73.181065,22.310756
20943,BGKT HUMSAFAR,AHMEDABAD JN,ADI,2.0,WR,72.601516,23.025515
20943,BGKT HUMSAFAR,PALANPUR JN,PNU,0.0,WR,72.430172,24.174433
20943,BGKT HUMSAFAR,ABU ROAD,ABR,2.0,WR,72.775695,24.470775
20943,BGKT HUMSAFAR,JAWAI BANDH,JWB,5.0,WR,73.14732500000000,25.114043
20943,BGKT HUMSAFAR,PALI MARWAR,PMY,8.0,WR,73.327309,25.790692
20944,BDTS HUMSAFAR,BHAGAT KI KOTHI,BGKT,2.0,WR,73.0133366,26.2484972
20944,BDTS HUMSAFAR,PALI MARWAR,PMY,9.0,WR,73.327309,25.790692
20944,BDTS HUMSAFAR,JAWAI BANDH,JWB,9.0,WR,73.14732500000000,25.114043
20944,BDTS HUMSAFAR,ABU ROAD,ABR,4.0,WR,72.775695,24.470775
20944,BDTS HUMSAFAR,PALANPUR JN,PNU,1.0,WR,72.430172,24.174433
20944,BDTS HUMSAFAR,AHMEDABAD JN,ADI,9.0,WR,72.601516,23.025515
20944,BDTS HUMSAFAR,VADODARA JN,BRC,2.0,WR,73.181065,22.310756
20944,BDTS HUMSAFAR,UDHNA JN,UDN,1.0,WR,72.851461,21.171156
20944,BDTS HUMSAFAR,SURAT,ST,4.0,WR,72.840793,21.206568
20944,BDTS HUMSAFAR,VAPI,VAPI,14.0,WR,72.90912700000000,20.374338
20944,BDTS HUMSAFAR,BORIVALI,BVI,20.0,WR,72.85641200000000,19.228739
20944,BDTS HUMSAFAR,BANDRA TERMINUS,BDTS,8.0,WR,72.840535,19.061911
20948,JAN SHATABDI EX,EKTA NAGAR,EKNR,0.0,WR,,
20948,JAN SHATABDI EX,VADODARA JN,BRC,0.0,WR,73.181065,22.310756
20948,JAN SHATABDI EX,ANAND JN,ANND,0.0,WR,72.965733,22.561307
20948,JAN SHATABDI EX,NADIAD JN,ND,0.0,WR,72.855718,22.694106
20948,JAN SHATABDI EX,AHMEDABAD JN,ADI,0.0,WR,72.601516,23.025515
20949,JAN SHATABDI EX,AHMEDABAD JN,ADI,0.0,WR,72.601516,23.025515
20949,JAN SHATABDI EX,NADIAD JN,ND,0.0,WR,72.855718,22.694106
20949,JAN SHATABDI EX,ANAND JN,ANND,0.0,WR,72.965733,22.561307
20949,JAN SHATABDI EX,VADODARA JN,BRC,0.0,WR,73.181065,22.310756
20949,JAN SHATABDI EX,EKTA NAGAR,EKNR,0.0,WR,,
20977,CDG VANDEBHARAT,AJMER JN,AII,5.0,NWR,74.63746400000000,26.456612
20977,CDG VANDEBHARAT,KISHANGARH,KSG,6.0,NWR,74.855553,26.588968
20977,CDG VANDEBHARAT,JAIPUR,JP,17.0,NWR,75.786923,26.920203
20977,CDG VANDEBHARAT,GANDHINAGAR JPR,GADJ,20.0,NWR,75.79828000000000,26.873067
20977,CDG VANDEBHARAT,ALWAR,AWR,21.0,NWR,76.62126500000000,27.559273
20977,CDG VANDEBHARAT,REWARI,RE,22.0,NWR,76.609414,28.202779
20977,CDG VANDEBHARAT,GURGAON,GGN,23.0,NWR,77.010739,28.489165
20977,CDG VANDEBHARAT,DELHI CANTT,DEC,18.0,NWR,77.116577,28.613534
20977,CDG VANDEBHARAT,AMBALA CANT JN,UMB,16.0,NWR,76.826966,30.338918
20977,CDG VANDEBHARAT,CHANDIGARH,CDG,11.0,NWR,76.82208,30.7019773
20978,AII VANDEBHARAT,CHANDIGARH,CDG,13.0,NWR,76.82208,30.7019773
20978,AII VANDEBHARAT,AMBALA CANT JN,UMB,13.0,NWR,76.826966,30.338918
20978,AII VANDEBHARAT,DELHI CANTT,DEC,18.0,NWR,77.116577,28.613534
20978,AII VANDEBHARAT,GURGAON,GGN,15.0,NWR,77.010739,28.489165
20978,AII VANDEBHARAT,REWARI,RE,14.0,NWR,76.609414,28.202779
20978,AII VANDEBHARAT,ALWAR,AWR,25.0,NWR,76.62126500000000,27.559273
20978,AII VANDEBHARAT,GANDHINAGAR JPR,GADJ,29.0,NWR,75.79828000000000,26.873067
20978,AII VANDEBHARAT,JAIPUR,JP,32.0,NWR,75.786923,26.920203
20978,AII VANDEBHARAT,KISHANGARH,KSG,29.0,NWR,74.855553,26.588968
20978,AII VANDEBHARAT,AJMER JN,AII,21.0,NWR,74.63746400000000,26.456612
20979,VANDE BHARAT EXP,UDAIPUR CITY,UDZ,2.0,NWR,73.699632,24.566862
20979,VANDE BHARAT EXP,RANAPRATAPNAGAR,RPZ,3.0,NWR,73.72805600000000,24.582417
20979,VANDE BHARAT EXP,MAVLI JN,MVJ,4.0,NWR,73.973721,24.794585
20979,VANDE BHARAT EXP,CHITTAURGARH,COR,3.0,NWR,74.623687,24.874341
20979,VANDE BHARAT EXP,BHILWARA,BHL,8.0,NWR,74.63077340000000,25.3435508
20979,VANDE BHARAT EXP,BIJAINAGAR,BJNR,8.0,NWR,74.65305890000000,25.931003
20979,VANDE BHARAT EXP,AJMER JN,AII,7.0,NWR,74.63746400000000,26.456612
20979,VANDE BHARAT EXP,KISHANGARH,KSG,6.0,NWR,74.855553,26.588968
20980,VANDE BHARAT EXP,JAIPUR,JP,3.0,NWR,75.786923,26.920203
20980,VANDE BHARAT EXP,KISHANGARH,KSG,11.0,NWR,74.855553,26.588968
20980,VANDE BHARAT EXP,AJMER JN,AII,8.0,NWR,74.63746400000000,26.456612
20980,VANDE BHARAT EXP,BIJAINAGAR,BJNR,11.0,NWR,74.65305890000000,25.931003
20980,VANDE BHARAT EXP,BHILWARA,BHL,16.0,NWR,74.63077340000000,25.3435508
20980,VANDE BHARAT EXP,CHITTAURGARH,COR,11.0,NWR,74.623687,24.874341
20980,VANDE BHARAT EXP,MAVLI JN,MVJ,17.0,NWR,73.973721,24.794585
20980,VANDE BHARAT EXP,RANAPRATAPNAGAR,RPZ,5.0,NWR,73.72805600000000,24.582417
20981,AGC VANDE BHARAT,UDAIPUR CITY,UDZ,2.0,NWR,73.699632,24.566862
20981,AGC VANDE BHARAT,RANAPRATAPNAGAR,RPZ,3.0,NWR,73.72805600000000,24.582417
20981,AGC VANDE BHARAT,MAVLI JN,MVJ,3.0,NWR,73.973721,24.794585
20981,AGC VANDE BHARAT,CHANDERIYA,CNA,1.0,NWR,74.629979,24.939558
20981,AGC VANDE BHARAT,BUNDI,BUDI,7.0,NWR,75.65069900000000,25.407922
20981,AGC VANDE BHARAT,KOTA JN,KOTA,8.0,NWR,75.8805,25.223553
20981,AGC VANDE BHARAT,SAWAI MADHOPUR,SWM,15.0,NWR,76.35622,26.018279
20981,AGC VANDE BHARAT,GANGAPUR CITY,GGC,17.0,NWR,76.72770800000000,26.468979
20982,UDZ VANDE BHARAT,AGRA CANTT,AGC,1.0,NWR,77.990153,27.157992
20982,UDZ VANDE BHARAT,GANGAPUR CITY,GGC,7.0,NWR,76.72770800000000,26.468979
20982,UDZ VANDE BHARAT,SAWAI MADHOPUR,SWM,5.0,NWR,76.35622,26.018279
20982,UDZ VANDE BHARAT,KOTA JN,KOTA,3.0,NWR,75.8805,25.223553
20982,UDZ VANDE BHARAT,BUNDI,BUDI,7.0,NWR,75.65069900000000,25.407922
20982,UDZ VANDE BHARAT,CHANDERIYA,CNA,1.0,NWR,74.629979,24.939558
20982,UDZ VANDE BHARAT,MAVLI JN,MVJ,10.0,NWR,73.973721,24.794585
20982,UDZ VANDE BHARAT,RANAPRATAPNAGAR,RPZ,7.0,NWR,73.72805600000000,24.582417
21893,VANDE BHARAT EXP,TATANAGAR JN,TATA,2.0,SER,86.20056000000000,22.768954
21893,VANDE BHARAT EXP,CHANDIL JN,CNI,15.0,SER,86.07210900000000,22.956014
21893,VANDE BHARAT EXP,MURI,MURI,13.0,SER,85.8669906885,23.376284371
21893,VANDE BHARAT EXP,BARKA KANA,BRKA,5.0,SER,85.469553,23.624159
21893,VANDE BHARAT EXP,DALTONGANJ,DTO,35.0,SER,84.07484300000000,24.033075
21893,VANDE BHARAT EXP,GARWA ROAD,GHD,9.0,SER,83.885116,24.214419
21893,VANDE BHARAT EXP,SON NAGAR,SEB,8.0,SER,84.22927300000000,24.882213
21893,VANDE BHARAT EXP,GAYA JN,GAYA,13.0,SER,84.999294,24.803978
21893,VANDE BHARAT EXP,PATNA JN,PNBE,2.0,SER,85.136824,25.60256
21894,VANDE BHARAT EXP,PATNA JN,PNBE,1.0,SER,85.136824,25.60256
21894,VANDE BHARAT EXP,GAYA JN,GAYA,6.0,SER,84.999294,24.803978
21894,VANDE BHARAT EXP,SON NAGAR,SEB,7.0,SER,84.22927300000000,24.882213
21894,VANDE BHARAT EXP,GARWA ROAD,GHD,4.0,SER,83.885116,24.214419
21894,VANDE BHARAT EXP,DALTONGANJ,DTO,7.0,SER,84.07484300000000,24.033075
21894,VANDE BHARAT EXP,BARKA KANA,BRKA,9.0,SER,85.469553,23.624159
21894,VANDE BHARAT EXP,MURI,MURI,10.0,SER,85.8669906885,23.376284371
21894,VANDE BHARAT EXP,CHANDIL JN,CNI,9.0,SER,86.07210900000000,22.956014
21895,VANDE BHARAT EXP,TATANAGAR JN,TATA,1.0,SER,86.20056000000000,22.768954
21895,VANDE BHARAT EXP,CHANDIL JN,CNI,10.0,SER,86.07210900000000,22.956014
21895,VANDE BHARAT EXP,MURI,MURI,9.0,SER,85.8669906885,23.376284371
21895,VANDE BHARAT EXP,BOKARO STL CITY,BKSC,9.0,SER,86.08501600000000,23.656551
21895,VANDE BHARAT EXP,NSC BOSE J GOMO,GMO,4.0,SER,86.14823,23.873106
21895,VANDE BHARAT EXP,PARASNATH,PNME,7.0,SER,86.037862,23.987971
21895,VANDE BHARAT EXP,KODERMA,KQR,5.0,SER,85.52945800000000,24.434741
21895,VANDE BHARAT EXP,GAYA JN,GAYA,4.0,SER,84.999294,24.803978
21896,VANDE BHARAT EXP,PATNA JN,PNBE,6.0,SER,85.136824,25.60256
21896,VANDE BHARAT EXP,GAYA JN,GAYA,5.0,SER,84.999294,24.803978
21896,VANDE BHARAT EXP,KODERMA,KQR,10.0,SER,85.52945800000000,24.434741
21896,VANDE BHARAT EXP,PARASNATH,PNME,15.0,SER,86.037862,23.987971
21896,VANDE BHARAT EXP,NSC BOSE J GOMO,GMO,15.0,SER,86.14823,23.873106
21896,VANDE BHARAT EXP,BOKARO STL CITY,BKSC,6.0,SER,86.08501600000000,23.656551
21896,VANDE BHARAT EXP,MURI,MURI,6.0,SER,85.8669906885,23.376284371
21896,VANDE BHARAT EXP,CHANDIL JN,CNI,9.0,SER,86.07210900000000,22.956014
21896,VANDE BHARAT EXP,TATANAGAR JN,TATA,16.0,SER,86.20056000000000,22.768954
22119,TEJAS EXPRESS,C SHIVAJI TERM MUMBAI,CSMT,9.0,CR,,
22119,TEJAS EXPRESS,DADAR,DR,22.0,CR,72.842972,19.017179
22119,TEJAS EXPRESS,THANE,TNA,24.0,CR,72.97541700000000,19.185757
22119,TEJAS EXPRESS,PANVEL,PNVL,36.0,CR,73.121756,18.990919
22119,TEJAS EXPRESS,CHIPLUN,CHI,27.0,CR,73.522429,17.5425074
22119,TEJAS EXPRESS,RATNAGIRI,RN,44.0,CR,73.356938,17.002793
22119,TEJAS EXPRESS,KUDAL,KUDL,45.0,CR,73.67813000000000,16.017651
22119,TEJAS EXPRESS,KARMALI,KRMI,48.0,CR,73.9246644,15.4902129
22119,TEJAS EXPRESS,MADGAON,MAO,31.0,CR,73.97072400000000,15.267911
22120,TEJAS EXPRESS,MADGAON,MAO,40.0,CR,73.97072400000000,15.267911
22120,TEJAS EXPRESS,KARMALI,KRMI,48.0,CR,73.9246644,15.4902129
22120,TEJAS EXPRESS,KUDAL,KUDL,47.0,CR,73.67813000000000,16.017651
22120,TEJAS EXPRESS,RATNAGIRI,RN,46.0,CR,73.356938,17.002793
22120,TEJAS EXPRESS,CHIPLUN,CHI,47.0,CR,73.522429,17.5425074
22120,TEJAS EXPRESS,PANVEL,PNVL,88.0,CR,73.121756,18.990919
22120,TEJAS EXPRESS,THANE,TNA,94.0,CR,72.97541700000000,19.185757
22120,TEJAS EXPRESS,DADAR,DR,108.0,CR,72.842972,19.017179
22120,TEJAS EXPRESS,C SHIVAJI TERM MUMBAI,CSMT,0.0,CR,,
22139,AJNI HUMSAFAR,PUNE JN,PUNE,7.0,CR,73.873086,18.529378
22139,AJNI HUMSAFAR,DAUND CHORD LINE,DDCC,20.0,CR,74.5535,18.4671
22139,AJNI HUMSAFAR,MANMAD JN,MMR,5.0,CR,74.438305,20.249887
22139,AJNI HUMSAFAR,CHALISGAON JN,CSN,13.0,CR,74.999049,20.464109
22139,AJNI HUMSAFAR,BHUSAVAL JN,BSL,17.0,CR,75.78867170000000,21.0472812
22139,AJNI HUMSAFAR,AKOLA JN,AK,14.0,CR,77.005497,20.723084
22139,AJNI HUMSAFAR,BADNERA JN,BD,7.0,CR,77.73231970000000,20.8567925
22139,AJNI HUMSAFAR,WARDHA JN,WR,23.0,CR,78.594157,20.732777
22139,AJNI HUMSAFAR,AJNI,AJNI,3.0,CR,79.0825197485,21.1268588122
22139,AJNI HUMSAFAR,NAGPUR,NGP,11.0,CR,79.089004,21.153567
22140,PUNE HUMSAFAR,AJNI,AJNI,1.0,CR,79.0825197485,21.1268588122
22140,PUNE HUMSAFAR,NAGPUR,NGP,1.0,CR,79.089004,21.153567
22140,PUNE HUMSAFAR,WARDHA JN,WR,21.0,CR,78.594157,20.732777
22140,PUNE HUMSAFAR,BADNERA JN,BD,19.0,CR,77.73231970000000,20.8567925
22140,PUNE HUMSAFAR,AKOLA JN,AK,24.0,CR,77.005497,20.723084
22140,PUNE HUMSAFAR,BHUSAVAL JN,BSL,25.0,CR,75.78867170000000,21.0472812
22140,PUNE HUMSAFAR,CHALISGAON JN,CSN,46.0,CR,74.999049,20.464109
22140,PUNE HUMSAFAR,MANMAD JN,MMR,41.0,CR,74.438305,20.249887
22140,PUNE HUMSAFAR,DAUND CHORD LINE,DDCC,10.0,CR,74.5535,18.4671
22140,PUNE HUMSAFAR,PUNE JN,PUNE,6.0,CR,73.873086,18.529378
22141,NAGPUR HUMSAFAR,PUNE JN,PUNE,6.0,CR,73.873086,18.529378
22141,NAGPUR HUMSAFAR,DAUND CHORD LINE,DDCC,22.0,CR,74.5535,18.4671
22141,NAGPUR HUMSAFAR,MANMAD JN,MMR,15.0,CR,74.438305,20.249887
22141,NAGPUR HUMSAFAR,CHALISGAON JN,CSN,18.0,CR,74.999049,20.464109
22141,NAGPUR HUMSAFAR,BHUSAVAL JN,BSL,13.0,CR,75.78867170000000,21.0472812
22141,NAGPUR HUMSAFAR,SHEGAON,SEG,24.0,CR,76.690331,20.801724
22141,NAGPUR HUMSAFAR,AKOLA JN,AK,11.0,CR,77.005497,20.723084
22141,NAGPUR HUMSAFAR,BADNERA JN,BD,5.0,CR,77.73231970000000,20.8567925
22141,NAGPUR HUMSAFAR,WARDHA JN,WR,25.0,CR,78.594157,20.732777
22142,PUNE HUMSAFAR,NAGPUR,NGP,1.0,CR,79.089004,21.153567
22142,PUNE HUMSAFAR,WARDHA JN,WR,25.0,CR,78.594157,20.732777
22142,PUNE HUMSAFAR,BADNERA JN,BD,5.0,CR,77.73231970000000,20.8567925
22142,PUNE HUMSAFAR,AKOLA JN,AK,12.0,CR,77.005497,20.723084
22142,PUNE HUMSAFAR,SHEGAON,SEG,19.0,CR,76.690331,20.801724
22142,PUNE HUMSAFAR,BHUSAVAL JN,BSL,17.0,CR,75.78867170000000,21.0472812
22142,PUNE HUMSAFAR,MANMAD JN,MMR,19.0,CR,74.438305,20.249887
22142,PUNE HUMSAFAR,DAUND CHORD LINE,DDCC,14.0,CR,74.5535,18.4671
22169,HBJ SRC HUMSAFAR,RANI KAMLAPATI,RKMP,1.0,WCR,77.4401,23.2216
22169,HBJ SRC HUMSAFAR,VIDISHA,BHS,20.0,WCR,77.8148356,23.5222886
22169,HBJ SRC HUMSAFAR,BINA JN,BINA,8.0,WCR,78.1831998,24.1709735
22169,HBJ SRC HUMSAFAR,SAUGOR,SGO,34.0,WCR,78.74292,23.84735
22169,HBJ SRC HUMSAFAR,DAMOH,DMO,58.0,WCR,79.432246,23.836693
22169,HBJ SRC HUMSAFAR,KATNI MURWARA,KMZ,28.0,WCR,80.4014844,23.8343563
22169,HBJ SRC HUMSAFAR,SHAHDOL,SDL,47.0,WCR,81.36407300000000,23.285962
22169,HBJ SRC HUMSAFAR,BILASPUR JN,BSP,30.0,WCR,82.167585,22.057473
22169,HBJ SRC HUMSAFAR,RAIGARH,RIG,43.0,WCR,83.39067,21.891289
22169,HBJ SRC HUMSAFAR,JHARSUGUDA JN,JSG,58.0,WCR,84.017427,21.862274
22169,HBJ SRC HUMSAFAR,ROURKELA,ROU,119.0,WCR,84.86313200000000,22.22844
22169,HBJ SRC HUMSAFAR,CHAKRADHARPUR,CKP,147.0,WCR,85.62777100000000,22.678979
22169,HBJ SRC HUMSAFAR,TATANAGAR JN,TATA,219.0,WCR,86.20056000000000,22.768954
22169,HBJ SRC HUMSAFAR,KHARAGPUR JN,KGP,251.0,WCR,87.32845600000000,22.341432
22169,HBJ SRC HUMSAFAR,SANTRAGACHI JN,SRC,268.0,WCR,88.284011,22.58393
22170,SRC HBJ HUMSAFAR,SANTRAGACHI JN,SRC,126.0,WCR,88.284011,22.58393
22170,SRC HBJ HUMSAFAR,KHARAGPUR JN,KGP,147.0,WCR,87.32845600000000,22.341432
22170,SRC HBJ HUMSAFAR,TATANAGAR JN,TATA,151.0,WCR,86.20056000000000,22.768954
22170,SRC HBJ HUMSAFAR,CHAKRADHARPUR,CKP,178.0,WCR,85.62777100000000,22.678979
22170,SRC HBJ HUMSAFAR,ROURKELA,ROU,217.0,WCR,84.86313200000000,22.22844
22170,SRC HBJ HUMSAFAR,JHARSUGUDA JN,JSG,227.0,WCR,84.017427,21.862274
22170,SRC HBJ HUMSAFAR,RAIGARH,RIG,265.0,WCR,83.39067,21.891289
22170,SRC HBJ HUMSAFAR,BILASPUR JN,BSP,288.0,WCR,82.167585,22.057473
22170,SRC HBJ HUMSAFAR,SHAHDOL,SDL,376.0,WCR,81.36407300000000,23.285962
22170,SRC HBJ HUMSAFAR,KATNI MURWARA,KMZ,380.0,WCR,80.4014844,23.8343563
22170,SRC HBJ HUMSAFAR,DAMOH,DMO,393.0,WCR,79.432246,23.836693
22170,SRC HBJ HUMSAFAR,SAUGOR,SGO,406.0,WCR,78.74292,23.84735
22170,SRC HBJ HUMSAFAR,BINA JN,BINA,380.0,WCR,78.1831998,24.1709735
22170,SRC HBJ HUMSAFAR,VIDISHA,BHS,396.0,WCR,77.8148356,23.5222886
22170,SRC HBJ HUMSAFAR,RANI KAMLAPATI,RKMP,367.0,WCR,77.4401,23.2216
22171,PUNE HBJ HUMSAFR,PUNE JN,PUNE,0.0,WCR,73.873086,18.529378
22171,PUNE HBJ HUMSAFR,DAUND CHORD LINE,DDCC,21.0,WCR,74.5535,18.4671
22171,PUNE HBJ HUMSAFR,AHMADNAGAR,ANG,36.0,WCR,74.721882467,19.0755194777
22171,PUNE HBJ HUMSAFR,KOPARGAON,KPG,36.0,WCR,74.503328,19.902943
22171,PUNE HBJ HUMSAFR,MANMAD JN,MMR,15.0,WCR,74.438305,20.249887
22171,PUNE HBJ HUMSAFR,BHUSAVAL JN,BSL,28.0,WCR,75.78867170000000,21.0472812
22171,PUNE HBJ HUMSAFR,ITARSI JN,ET,17.0,WCR,77.767128,22.608258
22171,PUNE HBJ HUMSAFR,NARMADAPURAM,NDPM,18.0,WCR,,
22172,HBJ PUNE HUMSAFR,RANI KAMLAPATI,RKMP,1.0,WCR,77.4401,23.2216
22172,HBJ PUNE HUMSAFR,NARMADAPURAM,NDPM,17.0,WCR,,
22172,HBJ PUNE HUMSAFR,ITARSI JN,ET,11.0,WCR,77.767128,22.608258
22172,HBJ PUNE HUMSAFR,BHUSAVAL JN,BSL,4.0,WCR,75.78867170000000,21.0472812
22172,HBJ PUNE HUMSAFR,MANMAD JN,MMR,20.0,WCR,74.438305,20.249887
22172,HBJ PUNE HUMSAFR,KOPARGAON,KPG,8.0,WCR,74.503328,19.902943
22172,HBJ PUNE HUMSAFR,AHMADNAGAR,ANG,17.0,WCR,74.721882467,19.0755194777
22172,HBJ PUNE HUMSAFR,DAUND CHORD LINE,DDCC,14.0,WCR,74.5535,18.4671
22223,SNSI VANDEBHARAT,C SHIVAJI TERM MUMBAI,CSMT,2.0,CR,,
22223,SNSI VANDEBHARAT,DADAR,DR,3.0,CR,72.842972,19.017179
22223,SNSI VANDEBHARAT,THANE,TNA,3.0,CR,72.97541700000000,19.185757
22223,SNSI VANDEBHARAT,KALYAN JN,KYN,14.0,CR,73.12974,19.234716
22223,SNSI VANDEBHARAT,NASIK ROAD,NK,15.0,CR,73.841897,19.947627
22224,CSMT VANDEBHARAT,SAINAGAR SHIRDI,SNSI,1.0,CR,74.4806877,19.7807923
22224,CSMT VANDEBHARAT,NASIK ROAD,NK,14.0,CR,73.841897,19.947627
22224,CSMT VANDEBHARAT,KALYAN JN,KYN,11.0,CR,73.12974,19.234716
22224,CSMT VANDEBHARAT,THANE,TNA,8.0,CR,72.97541700000000,19.185757
22224,CSMT VANDEBHARAT,DADAR,DR,11.0,CR,72.842972,19.017179
22224,CSMT VANDEBHARAT,C SHIVAJI TERM MUMBAI,CSMT,7.0,CR,,
22225,SUR VANDE BHARAT,C SHIVAJI TERM MUMBAI,CSMT,1.0,CR,,
22225,SUR VANDE BHARAT,DADAR,DR,1.0,CR,72.842972,19.017179
22225,SUR VANDE BHARAT,THANE,TNA,1.0,CR,72.97541700000000,19.185757
22225,SUR VANDE BHARAT,KALYAN JN,KYN,10.0,CR,73.12974,19.234716
22225,SUR VANDE BHARAT,PUNE JN,PUNE,8.0,CR,73.873086,18.529378
22225,SUR VANDE BHARAT,KURDUVADI,KWV,15.0,CR,75.41711800000000,18.091348
22225,SUR VANDE BHARAT,SOLAPUR JN,SUR,6.0,CR,75.893401,17.664496
22226,CSMT VANDEBHARAT,SOLAPUR JN,SUR,1.0,CR,75.893401,17.664496
22226,CSMT VANDEBHARAT,KURDUVADI,KWV,9.0,CR,75.41711800000000,18.091348
22226,CSMT VANDEBHARAT,PUNE JN,PUNE,9.0,CR,73.873086,18.529378
22226,CSMT VANDEBHARAT,KALYAN JN,KYN,14.0,CR,73.12974,19.234716
22226,CSMT VANDEBHARAT,THANE,TNA,14.0,CR,72.97541700000000,19.185757
22226,CSMT VANDEBHARAT,DADAR,DR,18.0,CR,72.842972,19.017179
22226,CSMT VANDEBHARAT,C SHIVAJI TERM MUMBAI,CSMT,12.0,CR,,
22227,VANDE BHARAT EXP,NEW JALPAIGURI,NJP,3.0,NFR,88.443391,26.683025
22227,VANDE BHARAT EXP,NEW COOCH BEHAR,NCB,3.0,NFR,89.469766,26.353159
22227,VANDE BHARAT EXP,NEW ALIPURDAUR,NOQ,4.0,NFR,89.541398,26.48572
22227,VANDE BHARAT EXP,KOKRAJHAR,KOJ,10.0,NFR,90.274125,26.405057
22227,VANDE BHARAT EXP,NEW BONGAIGAON,NBQ,8.0,NFR,90.53684346440000,26.4758354405
22227,VANDE BHARAT EXP,KAMAKHYA,KYQ,4.0,NFR,91.689505,26.156154
22227,VANDE BHARAT EXP,GUWAHATI,GHY,2.0,NFR,91.751851,26.182635
22228,VANDE BHARAT EXP,GUWAHATI,GHY,3.0,NFR,91.751851,26.182635
22228,VANDE BHARAT EXP,KAMAKHYA,KYQ,3.0,NFR,91.689505,26.156154
22228,VANDE BHARAT EXP,NEW BONGAIGAON,NBQ,3.0,NFR,90.53684346440000,26.4758354405
22228,VANDE BHARAT EXP,KOKRAJHAR,KOJ,4.0,NFR,90.274125,26.405057
22228,VANDE BHARAT EXP,NEW ALIPURDAUR,NOQ,8.0,NFR,89.541398,26.48572
22228,VANDE BHARAT EXP,NEW COOCH BEHAR,NCB,12.0,NFR,89.469766,26.353159
22229,MAO VANDE BHARAT,C SHIVAJI TERM MUMBAI,CSMT,5.0,CR,,
22229,MAO VANDE BHARAT,DADAR,DR,9.0,CR,72.842972,19.017179
22229,MAO VANDE BHARAT,THANE,TNA,9.0,CR,72.97541700000000,19.185757
22229,MAO VANDE BHARAT,PANVEL,PNVL,14.0,CR,73.121756,18.990919
22229,MAO VANDE BHARAT,KHED,KHED,26.0,CR,73.40881500000000,17.712059
22229,MAO VANDE BHARAT,RATNAGIRI,RN,30.0,CR,73.356938,17.002793
22229,MAO VANDE BHARAT,KANKAVALI,KKW,29.0,CR,73.71987090000000,16.2587773
22229,MAO VANDE BHARAT,THIVIM,THVM,22.0,CR,73.87610400000000,15.62955
22229,MAO VANDE BHARAT,MADGAON,MAO,12.0,CR,73.97072400000000,15.267911
22230,CSMT VANDEBHARAT,MADGAON,MAO,9.0,CR,73.97072400000000,15.267911
22230,CSMT VANDEBHARAT,THIVIM,THVM,14.0,CR,73.87610400000000,15.62955
22230,CSMT VANDEBHARAT,KANKAVALI,KKW,14.0,CR,73.71987090000000,16.2587773
22230,CSMT VANDEBHARAT,RATNAGIRI,RN,19.0,CR,73.356938,17.002793
22230,CSMT VANDEBHARAT,KHED,KHED,20.0,CR,73.40881500000000,17.712059
22230,CSMT VANDEBHARAT,PANVEL,PNVL,27.0,CR,73.121756,18.990919
22230,CSMT VANDEBHARAT,THANE,TNA,29.0,CR,72.97541700000000,19.185757
22230,CSMT VANDEBHARAT,DADAR,DR,26.0,CR,72.842972,19.017179
22230,CSMT VANDEBHARAT,C SHIVAJI TERM MUMBAI,CSMT,13.0,CR,,
22231,SMVB VANDEBHARAT,KALABURAGI JN,KLBG,1.0,CR,,
22231,SMVB VANDEBHARAT,YADGIR,YG,19.0,CR,77.13036600000000,16.744396
22231,SMVB VANDEBHARAT,RAICHUR,RC,15.0,CR,77.339165,16.192441
22231,SMVB VANDEBHARAT,MANTHRALAYAM RD,MALM,19.0,CR,77.299196,15.949035
22231,SMVB VANDEBHARAT,GUNTAKAL JN,GTL,16.0,CR,77.36661100000000,15.17556
22231,SMVB VANDEBHARAT,ANANTAPUR,ATP,13.0,CR,77.59531200000000,14.686478
22231,SMVB VANDEBHARAT,YELHANKA JN,YNK,10.0,CR,77.593069,13.102795
22232,KLBG VANDEBHARAT,SMVT BENGALURU,SMVB,3.0,CR,77.6418,13.0006
22232,KLBG VANDEBHARAT,YELHANKA JN,YNK,9.0,CR,77.593069,13.102795
22232,KLBG VANDEBHARAT,ANANTAPUR,ATP,5.0,CR,77.59531200000000,14.686478
22232,KLBG VANDEBHARAT,GUNTAKAL JN,GTL,12.0,CR,77.36661100000000,15.17556
22232,KLBG VANDEBHARAT,MANTHRALAYAM RD,MALM,5.0,CR,77.299196,15.949035
22232,KLBG VANDEBHARAT,RAICHUR,RC,4.0,CR,77.339165,16.192441
22232,KLBG VANDEBHARAT,YADGIR,YG,2.0,CR,77.13036600000000,16.744396
22233,VANDE BHARAT EXP,NEW JALPAIGURI,NJP,2.0,NFR,88.443391,26.683025
22233,VANDE BHARAT EXP,KISHANGANJ,KNE,10.0,NFR,87.949657,26.097746
22233,VANDE BHARAT EXP,KATIHAR JN,KIR,9.0,NFR,87.566409,25.548947
22233,VANDE BHARAT EXP,NAUGACHIA,NNA,10.0,NFR,87.09387,25.385261
22233,VANDE BHARAT EXP,KHAGARIA JN,KGG,9.0,NFR,86.46525100000000,25.505891
22233,VANDE BHARAT EXP,BEGU SARAI,BGS,14.0,NFR,86.134476,25.425296
22233,VANDE BHARAT EXP,PATNA SAHEB,PNC,19.0,NFR,85.230942,25.585856
22233,VANDE BHARAT EXP,PATNA JN,PNBE,9.0,NFR,85.136824,25.60256
22234,VANDE BHARAT EXP,PATNA JN,PNBE,6.0,NFR,85.136824,25.60256
22234,VANDE BHARAT EXP,PATNA SAHEB,PNC,11.0,NFR,85.230942,25.585856
22234,VANDE BHARAT EXP,BEGU SARAI,BGS,8.0,NFR,86.134476,25.425296
22234,VANDE BHARAT EXP,KHAGARIA JN,KGG,12.0,NFR,86.46525100000000,25.505891
22234,VANDE BHARAT EXP,NAUGACHIA,NNA,13.0,NFR,87.09387,25.385261
22234,VANDE BHARAT EXP,KATIHAR JN,KIR,10.0,NFR,87.566409,25.548947
22234,VANDE BHARAT EXP,KISHANGANJ,KNE,24.0,NFR,87.949657,26.097746
22234,VANDE BHARAT EXP,NEW JALPAIGURI,NJP,7.0,NFR,88.443391,26.683025
22301,VANDE BHARAT EXP,HOWRAH JN,HWH,1.0,ER,88.34099900000000,22.584078
22301,VANDE BHARAT EXP,BOLPUR S NIKTN,BHP,17.0,ER,87.698136,23.657804
22301,VANDE BHARAT EXP,MALDA TOWN,MLDT,3.0,ER,88.130338,25.015659
22301,VANDE BHARAT EXP,BARSOI JN,BOE,7.0,ER,87.9229421,25.6512422
22302,VANDE BHARAT EXP,NEW JALPAIGURI,NJP,1.0,ER,88.443391,26.683025
22302,VANDE BHARAT EXP,BARSOI JN,BOE,10.0,ER,87.9229421,25.6512422
22302,VANDE BHARAT EXP,MALDA TOWN,MLDT,6.0,ER,88.130338,25.015659
22302,VANDE BHARAT EXP,BOLPUR S NIKTN,BHP,11.0,ER,87.698136,23.657804
22303,VANDE BHARAT EXP,HOWRAH JN,HWH,2.0,ER,88.34099900000000,22.584078
22303,VANDE BHARAT EXP,DURGAPUR,DGR,12.0,ER,87.297902,23.495046
22303,VANDE BHARAT EXP,ASANSOL JN,ASN,16.0,ER,86.975152,23.691441
22303,VANDE BHARAT EXP,DHANBAD JN,DHN,6.0,ER,86.428956,23.790966
22303,VANDE BHARAT EXP,PARASNATH,PNME,14.0,ER,86.037862,23.987971
22303,VANDE BHARAT EXP,KODERMA,KQR,20.0,ER,85.52945800000000,24.434741
22304,VANDE BHARAT EXP,GAYA JN,GAYA,2.0,ER,84.999294,24.803978
22304,VANDE BHARAT EXP,KODERMA,KQR,6.0,ER,85.52945800000000,24.434741
22304,VANDE BHARAT EXP,PARASNATH,PNME,7.0,ER,86.037862,23.987971
22304,VANDE BHARAT EXP,DHANBAD JN,DHN,4.0,ER,86.428956,23.790966
22304,VANDE BHARAT EXP,ASANSOL JN,ASN,9.0,ER,86.975152,23.691441
22304,VANDE BHARAT EXP,DURGAPUR,DGR,15.0,ER,87.297902,23.495046
22304,VANDE BHARAT EXP,HOWRAH JN,HWH,1.0,ER,88.34099900000000,22.584078
22309,VANDE BHARAT EXP,HOWRAH JN,HWH,1.0,ER,88.34099900000000,22.584078
22309,VANDE BHARAT EXP,BOLPUR S NIKTN,BHP,15.0,ER,87.698136,23.657804
22309,VANDE BHARAT EXP,RAMPUR HAT,RPH,19.0,ER,87.78214700000000,24.179797
22309,VANDE BHARAT EXP,DUMKA,DUMK,8.0,ER,87.254975,24.289527
22309,VANDE BHARAT EXP,NONIHAT,NNHT,6.0,ER,,
22309,VANDE BHARAT EXP,HANSDIHA,HSDA,17.0,ER,87.0849798193,24.6141943022
22309,VANDE BHARAT EXP,MANDAR HILL,MDLE,17.0,ER,87.02615830570000,24.8060780645
22309,VANDE BHARAT EXP,BARAHAT,BHLE,17.0,ER,87.0100837976,24.9206004744
22310,VANDE BHARAT EXP,BHAGALPUR,BGP,2.0,ER,86.9767918,25.2419093
22310,VANDE BHARAT EXP,BARAHAT,BHLE,9.0,ER,87.0100837976,24.9206004744
22310,VANDE BHARAT EXP,MANDAR HILL,MDLE,13.0,ER,87.02615830570000,24.8060780645
22310,VANDE BHARAT EXP,HANSDIHA,HSDA,10.0,ER,87.0849798193,24.6141943022
22310,VANDE BHARAT EXP,NONIHAT,NNHT,9.0,ER,,
22310,VANDE BHARAT EXP,DUMKA,DUMK,1.0,ER,87.254975,24.289527
22310,VANDE BHARAT EXP,RAMPUR HAT,RPH,6.0,ER,87.78214700000000,24.179797
22310,VANDE BHARAT EXP,BOLPUR S NIKTN,BHP,11.0,ER,87.698136,23.657804
22317,HUMSAFAR EXP,SEALDAH,SDAH,0.0,ER,88.374713,22.566758
22317,HUMSAFAR EXP,ASANSOL JN,ASN,11.0,ER,86.975152,23.691441
22317,HUMSAFAR EXP,DHANBAD JN,DHN,9.0,ER,86.428956,23.790966
22317,HUMSAFAR EXP,GAYA JN,GAYA,13.0,ER,84.999294,24.803978
22317,HUMSAFAR EXP,PT DEEN DAYAL UPADHYAY JN,DDU,22.0,ER,,
22317,HUMSAFAR EXP,VARANASI JN,BSB,18.0,ER,82.986468,25.327281
22317,HUMSAFAR EXP,LUCKNOW NR,LKO,14.0,ER,80.925291,26.830675
22317,HUMSAFAR EXP,BAREILLY,BE,37.0,ER,79.4108444,28.3371543
22317,HUMSAFAR EXP,MORADABAD,MB,50.0,ER,78.765801,28.831621
22317,HUMSAFAR EXP,SAHARANPUR,SRE,93.0,ER,77.54173900000000,29.960529
22317,HUMSAFAR EXP,AMBALA CANT JN,UMB,97.0,ER,76.826966,30.338918
22317,HUMSAFAR EXP,LUDHIANA JN,LDH,110.0,ER,75.84787300000000,30.912367
22317,HUMSAFAR EXP,JAMMU TAWI,JAT,49.0,ER,74.880117,32.706975
22318,SDAH HUMSAFAR,JAMMU TAWI,JAT,10.0,ER,74.880117,32.706975
22318,SDAH HUMSAFAR,LUDHIANA JN,LDH,33.0,ER,75.84787300000000,30.912367
22318,SDAH HUMSAFAR,AMBALA CANT JN,UMB,26.0,ER,76.826966,30.338918
22318,SDAH HUMSAFAR,SAHARANPUR,SRE,26.0,ER,77.54173900000000,29.960529
22318,SDAH HUMSAFAR,MORADABAD,MB,36.0,ER,78.765801,28.831621
22318,SDAH HUMSAFAR,BAREILLY,BE,64.0,ER,79.4108444,28.3371543
22318,SDAH HUMSAFAR,LUCKNOW NR,LKO,85.0,ER,80.925291,26.830675
22318,SDAH HUMSAFAR,VARANASI JN,BSB,41.0,ER,82.986468,25.327281
22318,SDAH HUMSAFAR,PT DEEN DAYAL UPADHYAY JN,DDU,43.0,ER,,
22318,SDAH HUMSAFAR,GAYA JN,GAYA,44.0,ER,84.999294,24.803978
22318,SDAH HUMSAFAR,DHANBAD JN,DHN,49.0,ER,86.428956,23.790966
22318,SDAH HUMSAFAR,ASANSOL JN,ASN,51.0,ER,86.975152,23.691441
22318,SDAH HUMSAFAR,SEALDAH,SDAH,40.0,ER,88.374713,22.566758
22345,VANDE BHARAT EXP,PATNA JN,PNBE,1.0,ECR,85.136824,25.60256
22345,VANDE BHARAT EXP,ARA,ARA,11.0,ECR,84.66259600000000,25.548889
22345,VANDE BHARAT EXP,BUXAR,BXR,15.0,ECR,83.982184,25.562067
22345,VANDE BHARAT EXP,PT DEEN DAYAL UPADHYAY JN,DDU,21.0,ECR,,
22345,VANDE BHARAT EXP,VARANASI JN,BSB,20.0,ECR,82.986468,25.327281
22345,VANDE BHARAT EXP,ZAFARABAD JN,ZBD,51.0,ECR,82.719014,25.708436
22345,VANDE BHARAT EXP,AYODHYA DHAM JN,AY,22.0,ECR,82.200604,26.787784
22346,VANDE BHARAT EXP,GOMATI NAGAR,GTNR,12.0,ECR,81.003433,26.860344
22346,VANDE BHARAT EXP,AYODHYA DHAM JN,AY,24.0,ECR,82.200604,26.787784
22346,VANDE BHARAT EXP,VARANASI JN,BSB,27.0,ECR,82.986468,25.327281
22346,VANDE BHARAT EXP,PT DEEN DAYAL UPADHYAY JN,DDU,24.0,ECR,,
22346,VANDE BHARAT EXP,BUXAR,BXR,23.0,ECR,83.982184,25.562067
22346,VANDE BHARAT EXP,ARA,ARA,31.0,ECR,84.66259600000000,25.548889
22346,VANDE BHARAT EXP,PATNA JN,PNBE,10.0,ECR,85.136824,25.60256
22347,VANDE BHARAT EXP,HOWRAH JN,HWH,9.0,ECR,88.34099900000000,22.584078
22347,VANDE BHARAT EXP,DURGAPUR,DGR,18.0,ECR,87.297902,23.495046
22347,VANDE BHARAT EXP,ASANSOL JN,ASN,26.0,ECR,86.975152,23.691441
22347,VANDE BHARAT EXP,JAMTARA,JMT,28.0,ECR,86.805183,23.958904
22347,VANDE BHARAT EXP,JASIDIH JN,JSME,40.0,ECR,86.644255,24.514517
22347,VANDE BHARAT EXP,LUCKEESARAI JN,LKR,18.0,ECR,86.093210587,25.1716617005
22347,VANDE BHARAT EXP,MOKAMEH JN,MKA,25.0,ECR,85.91304900000000,25.391885
22347,VANDE BHARAT EXP,BAKHTIYARPUR JN,BKP,31.0,ECR,85.52956400000000,25.45611
22347,VANDE BHARAT EXP,PATNA SAHEB,PNC,36.0,ECR,85.230942,25.585856
22347,VANDE BHARAT EXP,PATNA JN,PNBE,13.0,ECR,85.136824,25.60256
22348,VANDE BHARAT EXP,PATNA JN,PNBE,7.0,ECR,85.136824,25.60256
22348,VANDE BHARAT EXP,PATNA SAHEB,PNC,10.0,ECR,85.230942,25.585856
22348,VANDE BHARAT EXP,BAKHTIYARPUR JN,BKP,16.0,ECR,85.52956400000000,25.45611
22348,VANDE BHARAT EXP,MOKAMEH JN,MKA,23.0,ECR,85.91304900000000,25.391885
22348,VANDE BHARAT EXP,LUCKEESARAI JN,LKR,23.0,ECR,86.093210587,25.1716617005
22348,VANDE BHARAT EXP,JASIDIH JN,JSME,18.0,ECR,86.644255,24.514517
22348,VANDE BHARAT EXP,JAMTARA,JMT,23.0,ECR,86.805183,23.958904
22348,VANDE BHARAT EXP,ASANSOL JN,ASN,27.0,ECR,86.975152,23.691441
22348,VANDE BHARAT EXP,DURGAPUR,DGR,32.0,ECR,87.297902,23.495046
22348,VANDE BHARAT EXP,HOWRAH JN,HWH,10.0,ECR,88.34099900000000,22.584078
22349,VANDE BHARAT EXP,PATNA JN,PNBE,2.0,ECR,85.136824,25.60256
22349,VANDE BHARAT EXP,JEHANABAD,JHD,5.0,ECR,84.989964,25.224705
22349,VANDE BHARAT EXP,GAYA JN,GAYA,4.0,ECR,84.999294,24.803978
22349,VANDE BHARAT EXP,KODERMA,KQR,9.0,ECR,85.52945800000000,24.434741
22349,VANDE BHARAT EXP,HAZARIBAGH TOWN,HZBN,20.0,ECR,,
22349,VANDE BHARAT EXP,BARKA KANA,BRKA,17.0,ECR,85.469553,23.624159
22349,VANDE BHARAT EXP,MESRA,MESR,15.0,ECR,,
22349,VANDE BHARAT EXP,RANCHI,RNC,2.0,ECR,85.33352,23.348811
22350,VANDE BHARAT EXP,RANCHI,RNC,1.0,ECR,85.33352,23.348811
22350,VANDE BHARAT EXP,MESRA,MESR,2.0,ECR,,
22350,VANDE BHARAT EXP,BARKA KANA,BRKA,2.0,ECR,85.469553,23.624159
22350,VANDE BHARAT EXP,HAZARIBAGH TOWN,HZBN,3.0,ECR,,
22350,VANDE BHARAT EXP,KODERMA,KQR,15.0,ECR,85.52945800000000,24.434741
22350,VANDE BHARAT EXP,GAYA JN,GAYA,9.0,ECR,84.999294,24.803978
22350,VANDE BHARAT EXP,JEHANABAD,JHD,11.0,ECR,84.989964,25.224705
22350,VANDE BHARAT EXP,PATNA JN,PNBE,5.0,ECR,85.136824,25.60256
22353,HUMSAFAR EXP,PATNA JN,PNBE,4.0,ECR,85.136824,25.60256
22353,HUMSAFAR EXP,ARA,ARA,21.0,ECR,84.66259600000000,25.548889
22353,HUMSAFAR EXP,BUXAR,BXR,31.0,ECR,83.982184,25.562067
22353,HUMSAFAR EXP,PT DEEN DAYAL UPADHYAY JN,DDU,20.0,ECR,,
22353,HUMSAFAR EXP,PRAYAGRAJ CHHEOKI,PCOI,37.0,ECR,,
22353,HUMSAFAR EXP,SATNA,STA,52.0,ECR,80.827717,24.568619
22353,HUMSAFAR EXP,KATNI,KTE,74.0,ECR,80.400543,23.833385
22353,HUMSAFAR EXP,JABALPUR,JBP,72.0,ECR,79.950919,23.164636
22353,HUMSAFAR EXP,PIPARIYA,PPI,88.0,ECR,78.354538,22.753941
22353,HUMSAFAR EXP,ITARSI JN,ET,26.0,ECR,77.767128,22.608258
22353,HUMSAFAR EXP,BETUL,BZU,43.0,ECR,77.90589700000000,21.896393
22353,HUMSAFAR EXP,NAGPUR,NGP,45.0,ECR,79.089004,21.153567
22353,HUMSAFAR EXP,CHANDRAPUR,CD,79.0,ECR,79.300505,19.960126
22353,HUMSAFAR EXP,BALHARSHAH,BPQ,30.0,ECR,79.3485858,19.8490173
22353,HUMSAFAR EXP,WARANGAL,WL,67.0,ECR,79.604929,17.972477
22353,HUMSAFAR EXP,VIJAYAWADA JN,BZA,46.0,ECR,80.61864800000000,16.518262
22353,HUMSAFAR EXP,GUDUR JN,GDR,36.0,ECR,79.845121,14.148227
22353,HUMSAFAR EXP,PERAMBUR,PER,47.0,ECR,80.24453300000000,13.10702
22353,HUMSAFAR EXP,KATPADI JN,KPD,47.0,ECR,79.13534100000000,12.972734
22353,HUMSAFAR EXP,JOLARPETTAI,JTJ,50.0,ECR,78.57782000000000,12.560852
22353,HUMSAFAR EXP,KRISHNARAJAPURM,KJM,55.0,ECR,77.674016,13.000534
22353,HUMSAFAR EXP,SMVT BENGALURU,SMVB,34.0,ECR,77.6418,13.0006
22354,HUMSAFAR EXP,SMVT BENGALURU,SMVB,17.0,ECR,77.6418,13.0006
22354,HUMSAFAR EXP,KRISHNARAJAPURM,KJM,21.0,ECR,77.674016,13.000534
22354,HUMSAFAR EXP,JOLARPETTAI,JTJ,19.0,ECR,78.57782000000000,12.560852
22354,HUMSAFAR EXP,KATPADI JN,KPD,25.0,ECR,79.13534100000000,12.972734
22354,HUMSAFAR EXP,ARAKKONAM,AJJ,26.0,ECR,79.667991,13.081512
22354,HUMSAFAR EXP,PERAMBUR,PER,30.0,ECR,80.24453300000000,13.10702
22354,HUMSAFAR EXP,GUDUR JN,GDR,20.0,ECR,79.845121,14.148227
22354,HUMSAFAR EXP,VIJAYAWADA JN,BZA,16.0,ECR,80.61864800000000,16.518262
22354,HUMSAFAR EXP,WARANGAL,WL,36.0,ECR,79.604929,17.972477
22354,HUMSAFAR EXP,BALHARSHAH,BPQ,19.0,ECR,79.3485858,19.8490173
22354,HUMSAFAR EXP,CHANDRAPUR,CD,22.0,ECR,79.300505,19.960126
22354,HUMSAFAR EXP,NAGPUR,NGP,50.0,ECR,79.089004,21.153567
22354,HUMSAFAR EXP,BETUL,BZU,69.0,ECR,77.90589700000000,21.896393
22354,HUMSAFAR EXP,ITARSI JN,ET,12.0,ECR,77.767128,22.608258
22354,HUMSAFAR EXP,PIPARIYA,PPI,19.0,ECR,78.354538,22.753941
22354,HUMSAFAR EXP,JABALPUR,JBP,34.0,ECR,79.950919,23.164636
22354,HUMSAFAR EXP,KATNI,KTE,47.0,ECR,80.400543,23.833385
22354,HUMSAFAR EXP,SATNA,STA,51.0,ECR,80.827717,24.568619
22354,HUMSAFAR EXP,PRAYAGRAJ CHHEOKI,PCOI,54.0,ECR,,
22354,HUMSAFAR EXP,PT DEEN DAYAL UPADHYAY JN,DDU,84.0,ECR,,
22354,HUMSAFAR EXP,BUXAR,BXR,95.0,ECR,83.982184,25.562067
22354,HUMSAFAR EXP,ARA,ARA,114.0,ECR,84.66259600000000,25.548889
22354,HUMSAFAR EXP,PATNA JN,PNBE,110.0,ECR,85.136824,25.60256
22415,VANDE BHARAT EXP,VARANASI JN,BSB,47.0,NR,82.986468,25.327281
22415,VANDE BHARAT EXP,PRAYAGRAJ JN,PRYJ,62.0,NR,81.8253,25.4453
22415,VANDE BHARAT EXP,KANPUR CENTRAL,CNB,74.0,NR,80.350966,26.45424
22415,VANDE BHARAT EXP,NEW DELHI,NDLS,93.0,NR,77.22000400000000,28.642314
22416,VANDE BHARAT EX,NEW DELHI,NDLS,65.0,NR,77.22000400000000,28.642314
22416,VANDE BHARAT EX,KANPUR CENTRAL,CNB,107.0,NR,80.350966,26.45424
22416,VANDE BHARAT EX,PRAYAGRAJ JN,PRYJ,124.0,NR,81.8253,25.4453
22416,VANDE BHARAT EX,VARANASI JN,BSB,121.0,NR,82.986468,25.327281
22425,VANDE BHARAT EXP,AYODHYA CANT,AYC,39.0,NR,,
22425,VANDE BHARAT EXP,SALARPUR,SLRP,6.0,NR,82.013173,26.752552
22425,VANDE BHARAT EXP,LUCKNOW NR,LKO,34.0,NR,80.925291,26.830675
22425,VANDE BHARAT EXP,KANPUR CENTRAL,CNB,37.0,NR,80.350966,26.45424
22425,VANDE BHARAT EXP,ALIGARH JN,ALJN,56.0,NR,78.074559,27.889584
22425,VANDE BHARAT EXP,ANAND VIHAR TRM,ANVT,21.0,NR,77.31521255,28.6505035654
22426,VANDE BHARAT EXP,ANAND VIHAR TRM,ANVT,15.0,NR,77.31521255,28.6505035654
22426,VANDE BHARAT EXP,ALIGARH JN,ALJN,29.0,NR,78.074559,27.889584
22426,VANDE BHARAT EXP,KANPUR CENTRAL,CNB,30.0,NR,80.350966,26.45424
22426,VANDE BHARAT EXP,LUCKNOW NR,LKO,32.0,NR,80.925291,26.830675
22426,VANDE BHARAT EXP,SALARPUR,SLRP,43.0,NR,82.013173,26.752552
22426,VANDE BHARAT EXP,AYODHYA CANT,AYC,41.0,NR,,
22435,VANDE BHARAT EXP,VARANASI JN,BSB,70.0,NR,82.986468,25.327281
22435,VANDE BHARAT EXP,PRAYAGRAJ JN,PRYJ,95.0,NR,81.8253,25.4453
22435,VANDE BHARAT EXP,KANPUR CENTRAL,CNB,102.0,NR,80.350966,26.45424
22435,VANDE BHARAT EXP,NEW DELHI,NDLS,121.0,NR,77.22000400000000,28.642314
22436,VANDE BHARAT EXP,NEW DELHI,NDLS,38.0,NR,77.22000400000000,28.642314
22436,VANDE BHARAT EXP,KANPUR CENTRAL,CNB,76.0,NR,80.350966,26.45424
22436,VANDE BHARAT EXP,PRAYAGRAJ JN,PRYJ,82.0,NR,81.8253,25.4453
22436,VANDE BHARAT EXP,VARANASI JN,BSB,83.0,NR,82.986468,25.327281
22437,ANVT HUMSAFAR,PRAYAGRAJ JN,PRYJ,11.0,NCR,81.8253,25.4453
22437,ANVT HUMSAFAR,SUBEDARGANJ,SFG,135.0,NCR,81.789897,25.439879
22437,ANVT HUMSAFAR,KANPUR CENTRAL,CNB,86.0,NCR,80.350966,26.45424
22437,ANVT HUMSAFAR,ANAND VIHAR TRM,ANVT,104.0,NCR,77.31521255,28.6505035654
22438,PRYJ HUMSAFAR,ANAND VIHAR TRM,ANVT,1.0,NCR,77.31521255,28.6505035654
22438,PRYJ HUMSAFAR,KANPUR CENTRAL,CNB,87.0,NCR,80.350966,26.45424
22438,PRYJ HUMSAFAR,SUBEDARGANJ,SFG,93.0,NCR,81.789897,25.439879
22438,PRYJ HUMSAFAR,PRAYAGRAJ JN,PRYJ,86.0,NCR,81.8253,25.4453
22439,SVDK VANDE BHARAT,NEW DELHI,NDLS,3.0,NR,77.22000400000000,28.642314
22439,SVDK VANDE BHARAT,AMBALA CANT JN,UMB,13.0,NR,76.826966,30.338918
22439,SVDK VANDE BHARAT,LUDHIANA JN,LDH,18.0,NR,75.84787300000000,30.912367
22439,SVDK VANDE BHARAT,PATHANKOT CANTT,PTKC,39.0,NR,75.636044,32.2593
22439,SVDK VANDE BHARAT,JAMMU TAWI,JAT,28.0,NR,74.880117,32.706975
22439,SVDK VANDE BHARAT,MATA VAISHNO DEVI KATRA,SVDK,31.0,NR,74.935736,32.982814
22440,SVDK VANDE BHARAT,MATA VAISHNO DEVI KATRA,SVDK,22.0,NR,74.935736,32.982814
22440,SVDK VANDE BHARAT,JAMMU TAWI,JAT,35.0,NR,74.880117,32.706975
22440,SVDK VANDE BHARAT,PATHANKOT CANTT,PTKC,36.0,NR,75.636044,32.2593
22440,SVDK VANDE BHARAT,LUDHIANA JN,LDH,41.0,NR,75.84787300000000,30.912367
22440,SVDK VANDE BHARAT,AMBALA CANT JN,UMB,38.0,NR,76.826966,30.338918
22440,SVDK VANDE BHARAT,NEW DELHI,NDLS,48.0,NR,77.22000400000000,28.642314
22447,AADR VANDEBHARAT,NEW DELHI,NDLS,4.0,NR,77.22000400000000,28.642314
22447,AADR VANDEBHARAT,AMBALA CANT JN,UMB,12.0,NR,76.826966,30.338918
22447,AADR VANDEBHARAT,CHANDIGARH,CDG,11.0,NR,76.82208,30.7019773
22447,AADR VANDEBHARAT,ANANDPUR SAHIB,ANSB,17.0,NR,76.50060350000000,31.2305136
22447,AADR VANDEBHARAT,UNA HIMACHAL,UHL,19.0,NR,76.27566,31.478782
22447,AADR VANDEBHARAT,AMBANDAURA,AADR,10.0,NR,76.110391,31.670727
22448,AADR VANDEBHARAT,AMBANDAURA,AADR,4.0,NR,76.110391,31.670727
22448,AADR VANDEBHARAT,UNA HIMACHAL,UHL,6.0,NR,76.27566,31.478782
22448,AADR VANDEBHARAT,ANANDPUR SAHIB,ANSB,5.0,NR,76.50060350000000,31.2305136
22448,AADR VANDEBHARAT,CHANDIGARH,CDG,10.0,NR,76.82208,30.7019773
22448,AADR VANDEBHARAT,AMBALA CANT JN,UMB,9.0,NR,76.826966,30.338918
22448,AADR VANDEBHARAT,NEW DELHI,NDLS,13.0,NR,77.22000400000000,28.642314
22457,VANDE BHARAT EXP,ANAND VIHAR TRM,ANVT,1.0,NR,77.31521255,28.6505035654
22457,VANDE BHARAT EXP,MEERUT CITY,MTC,16.0,NR,77.675106,28.97761
22457,VANDE BHARAT EXP,MUZAFFARNAGAR,MOZ,23.0,NR,77.707807,29.468689
22457,VANDE BHARAT EXP,DEOBAND,DBD,23.0,NR,77.67087340000000,29.6800315
22457,VANDE BHARAT EXP,SAHARANPUR,SRE,17.0,NR,77.54173900000000,29.960529
22457,VANDE BHARAT EXP,ROORKEE,RK,17.0,NR,77.87417,29.851671
22457,VANDE BHARAT EXP,HARIDWAR JN,HW,16.0,NR,78.15489900000000,29.947787
22457,VANDE BHARAT EXP,DEHRADUN,DDN,6.0,NR,78.0336011,30.3140377
22458,VANDE BHARAT EXP,DEHRADUN,DDN,1.0,NR,78.0336011,30.3140377
22458,VANDE BHARAT EXP,HARIDWAR JN,HW,9.0,NR,78.15489900000000,29.947787
22458,VANDE BHARAT EXP,ROORKEE,RK,7.0,NR,77.87417,29.851671
22458,VANDE BHARAT EXP,SAHARANPUR,SRE,3.0,NR,77.54173900000000,29.960529
22458,VANDE BHARAT EXP,DEOBAND,DBD,7.0,NR,77.67087340000000,29.6800315
22458,VANDE BHARAT EXP,MUZAFFARNAGAR,MOZ,9.0,NR,77.707807,29.468689
22458,VANDE BHARAT EXP,MEERUT CITY,MTC,17.0,NR,77.675106,28.97761
22458,VANDE BHARAT EXP,ANAND VIHAR TRM,ANVT,14.0,NR,77.31521255,28.6505035654
22459,HUMSAFAR EXP,MADHUPUR JN,MDP,129.0,NR,86.642183,24.270633
22459,HUMSAFAR EXP,JASIDIH JN,JSME,149.0,NR,86.644255,24.514517
22459,HUMSAFAR EXP,JHAJHA,JAJ,127.0,NR,86.399854,24.779456
22459,HUMSAFAR EXP,KIUL JN,KIUL,143.0,NR,86.106198,25.171504
22459,HUMSAFAR EXP,MOKAMEH JN,MKA,160.0,NR,85.91304900000000,25.391885
22459,HUMSAFAR EXP,PATNA JN,PNBE,180.0,NR,85.136824,25.60256
22459,HUMSAFAR EXP,ARA,ARA,205.0,NR,84.66259600000000,25.548889
22459,HUMSAFAR EXP,BUXAR,BXR,222.0,NR,83.982184,25.562067
22459,HUMSAFAR EXP,PT DEEN DAYAL UPADHYAY JN,DDU,182.0,NR,,
22459,HUMSAFAR EXP,PRAYAGRAJ JN,PRYJ,241.0,NR,81.8253,25.4453
22459,HUMSAFAR EXP,KANPUR CENTRAL,CNB,270.0,NR,80.350966,26.45424
22459,HUMSAFAR EXP,ANAND VIHAR TRM,ANVT,306.0,NR,77.31521255,28.6505035654
22460,B V DHAM HUMSAFR,ANAND VIHAR TRM,ANVT,3.0,NR,77.31521255,28.6505035654
22460,B V DHAM HUMSAFR,KANPUR CENTRAL,CNB,70.0,NR,80.350966,26.45424
22460,B V DHAM HUMSAFR,PRAYAGRAJ JN,PRYJ,138.0,NR,81.8253,25.4453
22460,B V DHAM HUMSAFR,PT DEEN DAYAL UPADHYAY JN,DDU,199.0,NR,,
22460,B V DHAM HUMSAFR,BUXAR,BXR,219.0,NR,83.982184,25.562067
22460,B V DHAM HUMSAFR,ARA,ARA,238.0,NR,84.66259600000000,25.548889
22460,B V DHAM HUMSAFR,PATNA JN,PNBE,254.0,NR,85.136824,25.60256
22460,B V DHAM HUMSAFR,MOKAMEH JN,MKA,303.0,NR,85.91304900000000,25.391885
22460,B V DHAM HUMSAFR,KIUL JN,KIUL,328.0,NR,86.106198,25.171504
22460,B V DHAM HUMSAFR,JHAJHA,JAJ,282.0,NR,86.399854,24.779456
22460,B V DHAM HUMSAFR,JASIDIH JN,JSME,292.0,NR,86.644255,24.514517
22460,B V DHAM HUMSAFR,MADHUPUR JN,MDP,274.0,NR,86.642183,24.270633
22469,VANDE BHARAT EXP,KHAJURAHO,KURJ,33.0,NR,79.8900217,24.7969839
22469,VANDE BHARAT EXP,CHHATARPUR,MCSC,34.0,NR,,
22469,VANDE BHARAT EXP,TIKAMGARH,TKMG,39.0,NR,78.8406655457,24.7672962666
22469,VANDE BHARAT EXP,LALITPUR,LAR,33.0,NR,78.395791,24.688222
22469,VANDE BHARAT EXP,V LAKSHMIBAI JHANSI,VGLJ,39.0,NR,78.5533,25.4439
22469,VANDE BHARAT EXP,GWALIOR,GWL,41.0,NR,78.18229200000000,26.216483
22469,VANDE BHARAT EXP,AGRA CANTT,AGC,37.0,NR,77.990153,27.157992
22469,VANDE BHARAT EXP,H NIZAMUDDIN,NZM,41.0,NR,77.254249,28.58733
22470,VANDE BHARAT EX,H NIZAMUDDIN,NZM,18.0,NR,77.254249,28.58733
22470,VANDE BHARAT EX,AGRA CANTT,AGC,46.0,NR,77.990153,27.157992
22470,VANDE BHARAT EX,GWALIOR,GWL,44.0,NR,78.18229200000000,26.216483
22470,VANDE BHARAT EX,V LAKSHMIBAI JHANSI,VGLJ,44.0,NR,78.5533,25.4439
22470,VANDE BHARAT EX,LALITPUR,LAR,48.0,NR,78.395791,24.688222
22470,VANDE BHARAT EX,TIKAMGARH,TKMG,53.0,NR,78.8406655457,24.7672962666
22470,VANDE BHARAT EX,CHHATARPUR,MCSC,56.0,NR,,
22470,VANDE BHARAT EX,KHAJURAHO,KURJ,19.0,NR,79.8900217,24.7969839
22477,VANDE BHARAT EXP,NEW DELHI,NDLS,27.0,NR,77.22000400000000,28.642314
22477,VANDE BHARAT EXP,AMBALA CANT JN,UMB,39.0,NR,76.826966,30.338918
22477,VANDE BHARAT EXP,LUDHIANA JN,LDH,40.0,NR,75.84787300000000,30.912367
22477,VANDE BHARAT EXP,KATHUA,KTHU,60.0,NR,75.551922,32.397897
22477,VANDE BHARAT EXP,JAMMU TAWI,JAT,59.0,NR,74.880117,32.706975
22477,VANDE BHARAT EXP,MTYR C TUSHAR MAHAJAN,MCTM,66.0,NR,,
22477,VANDE BHARAT EXP,MATA VAISHNO DEVI KATRA,SVDK,63.0,NR,74.935736,32.982814
22478,VANDE BHARAT EXP,MATA VAISHNO DEVI KATRA,SVDK,21.0,NR,74.935736,32.982814
22478,VANDE BHARAT EXP,MTYR C TUSHAR MAHAJAN,MCTM,28.0,NR,,
22478,VANDE BHARAT EXP,JAMMU TAWI,JAT,36.0,NR,74.880117,32.706975
22478,VANDE BHARAT EXP,KATHUA,KTHU,40.0,NR,75.551922,32.397897
22478,VANDE BHARAT EXP,LUDHIANA JN,LDH,43.0,NR,75.84787300000000,30.912367
22478,VANDE BHARAT EXP,AMBALA CANT JN,UMB,38.0,NR,76.826966,30.338918
22478,VANDE BHARAT EXP,NEW DELHI,NDLS,42.0,NR,77.22000400000000,28.642314
22487,VANDE BHARAT EXP,DELHI,DLI,6.0,NR,77.228356,28.661816
22487,VANDE BHARAT EXP,AMBALA CANT JN,UMB,7.0,NR,76.826966,30.338918
22487,VANDE BHARAT EXP,LUDHIANA JN,LDH,11.0,NR,75.84787300000000,30.912367
22487,VANDE BHARAT EXP,PHAGWARA JN,PGW,10.0,NR,75.7655019775,31.2175557498
22487,VANDE BHARAT EXP,JALANDHAR CANT,JRC,11.0,NR,75.63210600000000,31.306235
22487,VANDE BHARAT EXP,BEAS,BEAS,10.0,NR,75.2908085,31.5193738
22487,VANDE BHARAT EXP,AMRITSAR JN,ASR,3.0,NR,74.858025,31.631512
22488,VANDE BHARAT EXP,AMRITSAR JN,ASR,1.0,NR,74.858025,31.631512
22488,VANDE BHARAT EXP,BEAS,BEAS,10.0,NR,75.2908085,31.5193738
22488,VANDE BHARAT EXP,JALANDHAR CANT,JRC,8.0,NR,75.63210600000000,31.306235
22488,VANDE BHARAT EXP,PHAGWARA JN,PGW,11.0,NR,75.7655019775,31.2175557498
22488,VANDE BHARAT EXP,LUDHIANA JN,LDH,10.0,NR,75.84787300000000,30.912367
22488,VANDE BHARAT EXP,AMBALA CANT JN,UMB,6.0,NR,76.826966,30.338918
22488,VANDE BHARAT EXP,DELHI,DLI,3.0,NR,77.228356,28.661816
22489,VANDE BHARAT EXP,LUCKNOW NR,LKO,1.0,NR,80.925291,26.830675
22489,VANDE BHARAT EXP,BAREILLY,BE,9.0,NR,79.4108444,28.3371543
22489,VANDE BHARAT EXP,MORADABAD,MB,9.0,NR,78.765801,28.831621
22490,VANDE BHARAT EXP,MEERUT CITY,MTC,0.0,NR,77.675106,28.97761
22490,VANDE BHARAT EXP,MORADABAD,MB,4.0,NR,78.765801,28.831621
22490,VANDE BHARAT EXP,BAREILLY,BE,10.0,NR,79.4108444,28.3371543
22497,TPJ HUMSAFAR SUP,SHRI GANGANAGAR,SGNR,8.0,NWR,73.87141700000000,29.931792
22497,TPJ HUMSAFAR SUP,HANUMANGARH JN,HMH,21.0,NWR,74.297633,29.614904
22497,TPJ HUMSAFAR SUP,SURATGARH JN,SOG,17.0,NWR,73.90724800000000,29.324152
22497,TPJ HUMSAFAR SUP,BIKANER JN,BKN,19.0,NWR,73.31659800000000,28.014139
22497,TPJ HUMSAFAR SUP,NAGAUR,NGO,20.0,NWR,73.72357200000000,27.199991
22497,TPJ HUMSAFAR SUP,JODHPUR JN,JU,14.0,NWR,73.02319,26.283765
22497,TPJ HUMSAFAR SUP,MARWAR JN,MJ,5.0,NWR,73.609301,25.720479
22497,TPJ HUMSAFAR SUP,ABU ROAD,ABR,3.0,NWR,72.775695,24.470775
22497,TPJ HUMSAFAR SUP,PALANPUR JN,PNU,1.0,NWR,72.430172,24.174433
22497,TPJ HUMSAFAR SUP,MAHESANA JN,MSH,3.0,NWR,72.388708,23.602623
22497,TPJ HUMSAFAR SUP,AHMEDABAD JN,ADI,4.0,NWR,72.601516,23.025515
22497,TPJ HUMSAFAR SUP,NADIAD JN,ND,5.0,NWR,72.855718,22.694106
22497,TPJ HUMSAFAR SUP,ANAND JN,ANND,9.0,NWR,72.965733,22.561307
22497,TPJ HUMSAFAR SUP,VADODARA JN,BRC,7.0,NWR,73.181065,22.310756
22497,TPJ HUMSAFAR SUP,BHARUCH JN,BH,8.0,NWR,72.997689,21.706907
22497,TPJ HUMSAFAR SUP,SURAT,ST,27.0,NWR,72.840793,21.206568
22497,TPJ HUMSAFAR SUP,VASAI ROAD,BSR,31.0,NWR,72.8322217,19.3824486
22497,TPJ HUMSAFAR SUP,KALYAN JN,KYN,33.0,NWR,73.12974,19.234716
22497,TPJ HUMSAFAR SUP,LONAVALA,LNL,38.0,NWR,73.407657,18.748883
22497,TPJ HUMSAFAR SUP,PUNE JN,PUNE,46.0,NWR,73.873086,18.529378
22497,TPJ HUMSAFAR SUP,SATARA,STR,25.0,NWR,74.063727,17.688361
22497,TPJ HUMSAFAR SUP,SANGLI,SLI,19.0,NWR,74.588939,16.858669
22497,TPJ HUMSAFAR SUP,MIRAJ JN,MRJ,8.0,NWR,74.638839,16.819946
22497,TPJ HUMSAFAR SUP,BELAGAVI,BGM,8.0,NWR,74.5095639,15.8492433
22497,TPJ HUMSAFAR SUP,DHARWAR,DWR,16.0,NWR,75.004552,15.440386
22497,TPJ HUMSAFAR SUP,HUBBALLI JN,UBL,10.0,NWR,75.148104,15.350302
22497,TPJ HUMSAFAR SUP,HARIHAR,HRR,5.0,NWR,75.812314,14.515431
22497,TPJ HUMSAFAR SUP,DAVANGERE,DVG,3.0,NWR,75.92229,14.467834
22497,TPJ HUMSAFAR SUP,BIRUR JN,RRB,12.0,NWR,75.974749,13.591101
22497,TPJ HUMSAFAR SUP,ARSIKERE JN,ASK,18.0,NWR,76.2520848,13.314425
22497,TPJ HUMSAFAR SUP,TUMKUR,TK,6.0,NWR,77.10243900000000,13.333033
22497,TPJ HUMSAFAR SUP,BANASWADI,BAND,54.0,NWR,77.628196,13.00573
22497,TPJ HUMSAFAR SUP,KRISHNARAJAPURM,KJM,68.0,NWR,77.674016,13.000534
22497,TPJ HUMSAFAR SUP,BANGARAPET,BWT,87.0,NWR,78.178188,12.984808
22497,TPJ HUMSAFAR SUP,SALEM JN,SA,21.0,NWR,78.113415,11.671726
22497,TPJ HUMSAFAR SUP,NAMAKKAL,NMKL,18.0,NWR,,
22497,TPJ HUMSAFAR SUP,KARUR,KRR,16.0,NWR,78.085087,10.965642
22497,TPJ HUMSAFAR SUP,TIRUCHCHIRAPALI,TPJ,3.0,NWR,78.685355,10.794067
22498,SGNR HUMSAFAR SF,TIRUCHCHIRAPALI,TPJ,1.0,NWR,78.685355,10.794067
22498,SGNR HUMSAFAR SF,KARUR,KRR,13.0,NWR,78.085087,10.965642
22498,SGNR HUMSAFAR SF,NAMAKKAL,NMKL,17.0,NWR,,
22498,SGNR HUMSAFAR SF,SALEM JN,SA,17.0,NWR,78.113415,11.671726
22498,SGNR HUMSAFAR SF,BANGARAPET,BWT,29.0,NWR,78.178188,12.984808
22498,SGNR HUMSAFAR SF,KRISHNARAJAPURM,KJM,50.0,NWR,77.674016,13.000534
22498,SGNR HUMSAFAR SF,BANASWADI,BAND,77.0,NWR,77.628196,13.00573
22498,SGNR HUMSAFAR SF,TUMKUR,TK,50.0,NWR,77.10243900000000,13.333033
22498,SGNR HUMSAFAR SF,ARSIKERE JN,ASK,20.0,NWR,76.2520848,13.314425
22498,SGNR HUMSAFAR SF,BIRUR JN,RRB,22.0,NWR,75.974749,13.591101
22498,SGNR HUMSAFAR SF,DAVANGERE,DVG,22.0,NWR,75.92229,14.467834
22498,SGNR HUMSAFAR SF,HARIHAR,HRR,22.0,NWR,75.812314,14.515431
22498,SGNR HUMSAFAR SF,HUBBALLI JN,UBL,15.0,NWR,75.148104,15.350302
22498,SGNR HUMSAFAR SF,DHARWAR,DWR,17.0,NWR,75.004552,15.440386
22498,SGNR HUMSAFAR SF,BELAGAVI,BGM,24.0,NWR,74.5095639,15.8492433
22498,SGNR HUMSAFAR SF,MIRAJ JN,MRJ,5.0,NWR,74.638839,16.819946
22498,SGNR HUMSAFAR SF,SANGLI,SLI,7.0,NWR,74.588939,16.858669
22498,SGNR HUMSAFAR SF,SATARA,STR,12.0,NWR,74.063727,17.688361
22498,SGNR HUMSAFAR SF,PUNE JN,PUNE,29.0,NWR,73.873086,18.529378
22498,SGNR HUMSAFAR SF,LONAVALA,LNL,20.0,NWR,73.407657,18.748883
22498,SGNR HUMSAFAR SF,KALYAN JN,KYN,29.0,NWR,73.12974,19.234716
22498,SGNR HUMSAFAR SF,VASAI ROAD,BSR,20.0,NWR,72.8322217,19.3824486
22498,SGNR HUMSAFAR SF,SURAT,ST,25.0,NWR,72.840793,21.206568
22498,SGNR HUMSAFAR SF,BHARUCH JN,BH,32.0,NWR,72.997689,21.706907
22498,SGNR HUMSAFAR SF,VADODARA JN,BRC,30.0,NWR,73.181065,22.310756
22498,SGNR HUMSAFAR SF,ANAND JN,ANND,30.0,NWR,72.965733,22.561307
22498,SGNR HUMSAFAR SF,NADIAD JN,ND,29.0,NWR,72.855718,22.694106
22498,SGNR HUMSAFAR SF,AHMEDABAD JN,ADI,26.0,NWR,72.601516,23.025515
22498,SGNR HUMSAFAR SF,MAHESANA JN,MSH,46.0,NWR,72.388708,23.602623
22498,SGNR HUMSAFAR SF,PALANPUR JN,PNU,11.0,NWR,72.430172,24.174433
22498,SGNR HUMSAFAR SF,ABU ROAD,ABR,11.0,NWR,72.775695,24.470775
22498,SGNR HUMSAFAR SF,MARWAR JN,MJ,10.0,NWR,73.609301,25.720479
22498,SGNR HUMSAFAR SF,JODHPUR JN,JU,24.0,NWR,73.02319,26.283765
22498,SGNR HUMSAFAR SF,NAGAUR,NGO,24.0,NWR,73.72357200000000,27.199991
22498,SGNR HUMSAFAR SF,BIKANER JN,BKN,25.0,NWR,73.31659800000000,28.014139
22498,SGNR HUMSAFAR SF,SURATGARH JN,SOG,36.0,NWR,73.90724800000000,29.324152
22498,SGNR HUMSAFAR SF,HANUMANGARH JN,HMH,30.0,NWR,74.297633,29.614904
22498,SGNR HUMSAFAR SF,SHRI GANGANAGAR,SGNR,4.0,NWR,73.87141700000000,29.931792
22499,VANDE BHARAT EXP,DEOGHAR,DGHR,7.0,NR,86.69712126,24.51178242
22499,VANDE BHARAT EXP,JASIDIH JN,JSME,15.0,NR,86.644255,24.514517
22499,VANDE BHARAT EXP,KIUL JN,KIUL,13.0,NR,86.106198,25.171504
22499,VANDE BHARAT EXP,NAWADAH,NWD,24.0,NR,85.54864500000000,24.886758
22499,VANDE BHARAT EXP,GAYA JN,GAYA,17.0,NR,84.999294,24.803978
22499,VANDE BHARAT EXP,SASARAM,SSM,22.0,NR,84.019423,24.955926
22499,VANDE BHARAT EXP,PT DEEN DAYAL UPADHYAY JN,DDU,20.0,NR,,
22499,VANDE BHARAT EXP,VARANASI JN,BSB,6.0,NR,82.986468,25.327281
22500,VANDE BHARAT EX,VARANASI JN,BSB,3.0,NR,82.986468,25.327281
22500,VANDE BHARAT EX,PT DEEN DAYAL UPADHYAY JN,DDU,5.0,NR,,
22500,VANDE BHARAT EX,SASARAM,SSM,9.0,NR,84.019423,24.955926
22500,VANDE BHARAT EX,GAYA JN,GAYA,22.0,NR,84.999294,24.803978
22500,VANDE BHARAT EX,NAWADAH,NWD,34.0,NR,85.54864500000000,24.886758
22500,VANDE BHARAT EX,KIUL JN,KIUL,37.0,NR,86.106198,25.171504
22500,VANDE BHARAT EX,JASIDIH JN,JSME,18.0,NR,86.644255,24.514517
22500,VANDE BHARAT EX,DEOGHAR,DGHR,1.0,NR,86.69712126,24.51178242
22537,KUSHINAGAR SF EXP,GORAKHPUR JN,GKP,5.0,NER,83.381499,26.759311
22537,KUSHINAGAR SF EXP,KHALILABAD,KLD,10.0,NER,83.055073,26.77453
22537,KUSHINAGAR SF EXP,BASTI,BST,19.0,NER,82.77005900000000,26.815678
22537,KUSHINAGAR SF EXP,BABHNAN,BV,39.0,NER,82.500127,26.938525
22537,KUSHINAGAR SF EXP,MASKANWA,MSW,41.0,NER,82.3597396039,27.0013792301
22537,KUSHINAGAR SF EXP,MANKAPUR JN,MUR,45.0,NER,82.227648,27.039058
22537,KUSHINAGAR SF EXP,GONDA JN,GD,40.0,NER,81.97815200000000,27.154613
22537,KUSHINAGAR SF EXP,BARABANKI JN,BBK,26.0,NER,81.18104,26.935335
22537,KUSHINAGAR SF EXP,BADSHAHNAGAR,BNZ,24.0,NER,80.9613606,26.8686134
22537,KUSHINAGAR SF EXP,AISHBAGH,ASH,15.0,NER,80.90960679930000,26.8373880081
22537,KUSHINAGAR SF EXP,UNNAO JN,ON,19.0,NER,80.486199,26.548354
22537,KUSHINAGAR SF EXP,KANPUR CENTRAL,CNB,50.0,NER,80.350966,26.45424
22537,KUSHINAGAR SF EXP,POKHRAYAN,PHN,52.0,NER,79.84088800000000,26.222964
22537,KUSHINAGAR SF EXP,KALPI,KPI,54.0,NER,79.755607,26.119339
22537,KUSHINAGAR SF EXP,ORAI,ORAI,58.0,NER,79.459533963,25.9825370076
22537,KUSHINAGAR SF EXP,AIT,AIT,52.0,NER,79.230436,25.903719
22537,KUSHINAGAR SF EXP,V LAKSHMIBAI JHANSI,VGLJ,74.0,NER,78.5533,25.4439
22537,KUSHINAGAR SF EXP,BABINA,BAB,84.0,NER,78.451748,25.237832
22537,KUSHINAGAR SF EXP,LALITPUR,LAR,100.0,NER,78.395791,24.688222
22537,KUSHINAGAR SF EXP,BINA JN,BINA,98.0,NER,78.1831998,24.1709735
22537,KUSHINAGAR SF EXP,GANJ BASODA,BAQ,111.0,NER,77.944826,23.845347
22537,KUSHINAGAR SF EXP,VIDISHA,BHS,119.0,NER,77.8148356,23.5222886
22537,KUSHINAGAR SF EXP,BHOPAL JN,BPL,99.0,NER,77.4131428577,23.2668843843
22537,KUSHINAGAR SF EXP,RANI KAMLAPATI,RKMP,102.0,NER,77.4401,23.2216
22537,KUSHINAGAR SF EXP,MANDI DIP,MDDP,106.0,NER,77.511077,23.093747
22537,KUSHINAGAR SF EXP,NARMADAPURAM,NDPM,108.0,NER,,
22537,KUSHINAGAR SF EXP,ITARSI JN,ET,112.0,NER,77.767128,22.608258
22537,KUSHINAGAR SF EXP,TIMARNI,TBN,131.0,NER,77.2294,22.37586
22537,KUSHINAGAR SF EXP,HARDA,HD,133.0,NER,77.10084,22.338414
22537,KUSHINAGAR SF EXP,KHIRKIYA,KKN,138.0,NER,76.85944700000000,22.166444
22537,KUSHINAGAR SF EXP,KHANDWA,KNW,112.0,NER,76.353227,21.823596
22537,KUSHINAGAR SF EXP,NEPANAGAR,NPNR,116.0,NER,76.397032,21.463933
22537,KUSHINAGAR SF EXP,BURHANPUR,BAU,121.0,NER,76.1986787,21.3343976
22537,KUSHINAGAR SF EXP,RAVER,RV,123.0,NER,76.044594,21.222201
22537,KUSHINAGAR SF EXP,BHUSAVAL JN,BSL,114.0,NER,75.78867170000000,21.0472812
22537,KUSHINAGAR SF EXP,JALGAON JN,JL,116.0,NER,75.56287500000000,21.018115
22537,KUSHINAGAR SF EXP,PACHORA JN,PC,122.0,NER,75.34831,20.668385
22537,KUSHINAGAR SF EXP,CHALISGAON JN,CSN,123.0,NER,74.999049,20.464109
22537,KUSHINAGAR SF EXP,NANDGAON,NGN,130.0,NER,74.659526,20.307616
22537,KUSHINAGAR SF EXP,MANMAD JN,MMR,132.0,NER,74.438305,20.249887
22537,KUSHINAGAR SF EXP,NASIK ROAD,NK,125.0,NER,73.841897,19.947627
22537,KUSHINAGAR SF EXP,KALYAN JN,KYN,156.0,NER,73.12974,19.234716
22537,KUSHINAGAR SF EXP,THANE,TNA,158.0,NER,72.97541700000000,19.185757
22537,KUSHINAGAR SF EXP,LOKMANYATILAK T,LTT,149.0,NER,72.89173900000000,19.07032
22545,VANDE BHARAT EXP,LUCKNOW NE,LJN,1.0,NER,80.91858700000000,26.831967
22545,VANDE BHARAT EXP,BAREILLY,BE,13.0,NER,79.4108444,28.3371543
22545,VANDE BHARAT EXP,MORADABAD,MB,18.0,NER,78.765801,28.831621
22545,VANDE BHARAT EXP,NAJIBABAD JN,NBD,17.0,NER,78.335733,29.60354
22545,VANDE BHARAT EXP,HARIDWAR JN,HW,13.0,NER,78.15489900000000,29.947787
22545,VANDE BHARAT EXP,DEHRADUN,DDN,5.0,NER,78.0336011,30.3140377
22546,VANDE BHARAT EXP,DEHRADUN,DDN,5.0,NER,78.0336011,30.3140377
22546,VANDE BHARAT EXP,HARIDWAR JN,HW,14.0,NER,78.15489900000000,29.947787
22546,VANDE BHARAT EXP,NAJIBABAD JN,NBD,28.0,NER,78.335733,29.60354
22546,VANDE BHARAT EXP,MORADABAD,MB,15.0,NER,78.765801,28.831621
22546,VANDE BHARAT EXP,BAREILLY,BE,24.0,NER,79.4108444,28.3371543
22546,VANDE BHARAT EXP,LUCKNOW NE,LJN,6.0,NER,80.91858700000000,26.831967
22549,VANDE BHARAT EXP,GORAKHPUR JN,GKP,0.0,NER,83.381499,26.759311
22549,VANDE BHARAT EXP,BASTI,BST,3.0,NER,82.77005900000000,26.815678
22549,VANDE BHARAT EXP,AYODHYA DHAM JN,AY,4.0,NER,82.200604,26.787784
22549,VANDE BHARAT EXP,LUCKNOW NR,LKO,4.0,NER,80.925291,26.830675
22549,VANDE BHARAT EXP,RAE BARELI JN,RBL,9.0,NER,81.23932,26.232684
22549,VANDE BHARAT EXP,PHAPHAMAU JN,PFM,46.0,NER,81.866406,25.524256
22549,VANDE BHARAT EXP,PRAYAG JN,PRG,34.0,NER,81.867081,25.467939
22549,VANDE BHARAT EXP,PRAYAGRAJ JN,PRYJ,11.0,NER,81.8253,25.4453
22550,VANDE BHARAT EXP,PRAYAGRAJ JN,PRYJ,2.0,NER,81.8253,25.4453
22550,VANDE BHARAT EXP,PHAPHAMAU JN,PFM,1.0,NER,81.866406,25.524256
22550,VANDE BHARAT EXP,PRAYAG JN,PRG,59.0,NER,81.867081,25.467939
22550,VANDE BHARAT EXP,RAE BARELI JN,RBL,24.0,NER,81.23932,26.232684
22550,VANDE BHARAT EXP,LUCKNOW NR,LKO,13.0,NER,80.925291,26.830675
22550,VANDE BHARAT EXP,AYODHYA DHAM JN,AY,20.0,NER,82.200604,26.787784
22550,VANDE BHARAT EXP,BASTI,BST,17.0,NER,82.77005900000000,26.815678
22550,VANDE BHARAT EXP,GORAKHPUR JN,GKP,17.0,NER,83.381499,26.759311
22671,TEJAS EXPRESS,CHENNAI EGMORE,MS,2.0,SR,80.260193,13.077678
22671,TEJAS EXPRESS,TAMBARAM,TBM,5.0,SR,80.1191573807,12.9260356894
22671,TEJAS EXPRESS,TIRUCHCHIRAPALI,TPJ,19.0,SR,78.685355,10.794067
22671,TEJAS EXPRESS,DINDIGUL JN,DG,20.0,SR,77.985472,10.35381
22672,TEJAS EXPRESS,MADURAI JN,MDU,2.0,SR,78.11031400000000,9.919907
22672,TEJAS EXPRESS,DINDIGUL JN,DG,6.0,SR,77.985472,10.35381
22672,TEJAS EXPRESS,TIRUCHCHIRAPALI,TPJ,3.0,SR,78.685355,10.794067
22672,TEJAS EXPRESS,TAMBARAM,TBM,16.0,SR,80.1191573807,12.9260356894
22705,JAT HUMSAFAR SF,TIRUPATI,TPTY,12.0,SCR,79.418968,13.62763
22705,JAT HUMSAFAR SF,GUNTAKAL JN,GTL,26.0,SCR,77.36661100000000,15.17556
22705,JAT HUMSAFAR SF,RAICHUR,RC,2.0,SCR,77.339165,16.192441
22705,JAT HUMSAFAR SF,SECUNDERABAD JN,SC,26.0,SCR,78.50148100000000,17.433147
22705,JAT HUMSAFAR SF,KAZIPET JN,KZJ,52.0,SCR,79.511025,17.974211
22705,JAT HUMSAFAR SF,BALHARSHAH,BPQ,33.0,SCR,79.3485858,19.8490173
22705,JAT HUMSAFAR SF,NAGPUR,NGP,55.0,SCR,79.089004,21.153567
22705,JAT HUMSAFAR SF,RANI KAMLAPATI,RKMP,52.0,SCR,77.4401,23.2216
22705,JAT HUMSAFAR SF,V LAKSHMIBAI JHANSI,VGLJ,70.0,SCR,78.5533,25.4439
22705,JAT HUMSAFAR SF,DELHI SAFDARJNG,DSJ,122.0,SCR,77.186969,28.582121
22705,JAT HUMSAFAR SF,AMBALA CANT JN,UMB,156.0,SCR,76.826966,30.338918
22705,JAT HUMSAFAR SF,LUDHIANA JN,LDH,166.0,SCR,75.84787300000000,30.912367
22705,JAT HUMSAFAR SF,JALANDHAR CANT,JRC,176.0,SCR,75.63210600000000,31.306235
22705,JAT HUMSAFAR SF,JAMMU TAWI,JAT,182.0,SCR,74.880117,32.706975
22706,TPTY HUMSAFAR,JAMMU TAWI,JAT,24.0,SCR,74.880117,32.706975
22706,TPTY HUMSAFAR,JALANDHAR CANT,JRC,32.0,SCR,75.63210600000000,31.306235
22706,TPTY HUMSAFAR,LUDHIANA JN,LDH,17.0,SCR,75.84787300000000,30.912367
22706,TPTY HUMSAFAR,AMBALA CANT JN,UMB,7.0,SCR,76.826966,30.338918
22706,TPTY HUMSAFAR,DELHI SAFDARJNG,DSJ,18.0,SCR,77.186969,28.582121
22706,TPTY HUMSAFAR,V LAKSHMIBAI JHANSI,VGLJ,59.0,SCR,78.5533,25.4439
22706,TPTY HUMSAFAR,RANI KAMLAPATI,RKMP,80.0,SCR,77.4401,23.2216
22706,TPTY HUMSAFAR,NAGPUR,NGP,90.0,SCR,79.089004,21.153567
22706,TPTY HUMSAFAR,BALHARSHAH,BPQ,63.0,SCR,79.3485858,19.8490173
22706,TPTY HUMSAFAR,KAZIPET JN,KZJ,82.0,SCR,79.511025,17.974211
22706,TPTY HUMSAFAR,SECUNDERABAD JN,SC,86.0,SCR,78.50148100000000,17.433147
22706,TPTY HUMSAFAR,RAICHUR,RC,99.0,SCR,77.339165,16.192441
22706,TPTY HUMSAFAR,GUNTAKAL JN,GTL,87.0,SCR,77.36661100000000,15.17556
22706,TPTY HUMSAFAR,TIRUPATI,TPTY,44.0,SCR,79.418968,13.62763
22833,HUMSAFAR EXPRESS,BHUBANESWAR,BBS,5.0,ECOR,85.84259500000000,20.265388
22833,HUMSAFAR EXPRESS,KHURDA ROAD JN,KUR,21.0,ECOR,85.70823400000000,20.153076
22833,HUMSAFAR EXPRESS,BRAHMAPUR,BAM,61.0,ECOR,84.7966912,19.2961348
22833,HUMSAFAR EXPRESS,PALASA,PSA,45.0,ECOR,84.42209100000000,18.756782
22833,HUMSAFAR EXPRESS,SRIKAKULAM ROAD,CHE,55.0,ECOR,83.903771,18.408679
22833,HUMSAFAR EXPRESS,VIZIANAGRAM JN,VZM,49.0,ECOR,83.39558600000000,18.111374
22833,HUMSAFAR EXPRESS,VISHAKAPATNAM,VSKP,52.0,ECOR,83.289514,17.72159
22833,HUMSAFAR EXPRESS,DUVVADA,DVD,51.0,ECOR,83.152059,17.703843
22833,HUMSAFAR EXPRESS,RAJAMUNDRY,RJY,60.0,ECOR,81.783901,16.984159
22833,HUMSAFAR EXPRESS,ELURU,EE,58.0,ECOR,81.11976200000000,16.717816
22833,HUMSAFAR EXPRESS,VIJAYAWADA JN,BZA,46.0,ECOR,80.61864800000000,16.518262
22833,HUMSAFAR EXPRESS,ONGOLE,OGL,39.0,ECOR,80.057404,15.498064
22833,HUMSAFAR EXPRESS,NELLORE,NLR,42.0,ECOR,79.989383,14.460592
22833,HUMSAFAR EXPRESS,GUDUR JN,GDR,49.0,ECOR,79.845121,14.148227
22833,HUMSAFAR EXPRESS,RENIGUNTA JN,RU,47.0,ECOR,79.50629000000000,13.636261
22833,HUMSAFAR EXPRESS,KATPADI JN,KPD,48.0,ECOR,79.13534100000000,12.972734
22833,HUMSAFAR EXPRESS,JOLARPETTAI,JTJ,45.0,ECOR,78.57782000000000,12.560852
22833,HUMSAFAR EXPRESS,BANGARAPET,BWT,63.0,ECOR,78.178188,12.984808
22833,HUMSAFAR EXPRESS,KRISHNARAJAPURM,KJM,79.0,ECOR,77.674016,13.000534
22833,HUMSAFAR EXPRESS,SMVT BENGALURU,SMVB,30.0,ECOR,77.6418,13.0006
22834,BBS HUMSAFAR,SMVT BENGALURU,SMVB,12.0,ECOR,77.6418,13.0006
22834,BBS HUMSAFAR,KRISHNARAJAPURM,KJM,16.0,ECOR,77.674016,13.000534
22834,BBS HUMSAFAR,BANGARAPET,BWT,26.0,ECOR,78.178188,12.984808
22834,BBS HUMSAFAR,JOLARPETTAI,JTJ,15.0,ECOR,78.57782000000000,12.560852
22834,BBS HUMSAFAR,KATPADI JN,KPD,15.0,ECOR,79.13534100000000,12.972734
22834,BBS HUMSAFAR,RENIGUNTA JN,RU,15.0,ECOR,79.50629000000000,13.636261
22834,BBS HUMSAFAR,GUDUR JN,GDR,15.0,ECOR,79.845121,14.148227
22834,BBS HUMSAFAR,NELLORE,NLR,16.0,ECOR,79.989383,14.460592
22834,BBS HUMSAFAR,ONGOLE,OGL,16.0,ECOR,80.057404,15.498064
22834,BBS HUMSAFAR,VIJAYAWADA JN,BZA,31.0,ECOR,80.61864800000000,16.518262
22834,BBS HUMSAFAR,ELURU,EE,40.0,ECOR,81.11976200000000,16.717816
22834,BBS HUMSAFAR,RAJAMUNDRY,RJY,43.0,ECOR,81.783901,16.984159
22834,BBS HUMSAFAR,DUVVADA,DVD,10.0,ECOR,83.152059,17.703843
22834,BBS HUMSAFAR,VISHAKAPATNAM,VSKP,23.0,ECOR,83.289514,17.72159
22834,BBS HUMSAFAR,VIZIANAGRAM JN,VZM,30.0,ECOR,83.39558600000000,18.111374
22834,BBS HUMSAFAR,SRIKAKULAM ROAD,CHE,29.0,ECOR,83.903771,18.408679
22834,BBS HUMSAFAR,PALASA,PSA,18.0,ECOR,84.42209100000000,18.756782
22834,BBS HUMSAFAR,BRAHMAPUR,BAM,49.0,ECOR,84.7966912,19.2961348
22834,BBS HUMSAFAR,KHURDA ROAD JN,KUR,51.0,ECOR,85.70823400000000,20.153076
22867,HUMSAFAR EXP,DURG,DURG,1.0,SECR,81.291837,21.200327
22867,HUMSAFAR EXP,RAIPUR JN,R,8.0,SECR,81.629328,21.256462
22867,HUMSAFAR EXP,BHATAPARA,BYT,17.0,SECR,81.946062,21.732464
22867,HUMSAFAR EXP,USLAPUR,USL,6.0,SECR,82.111546,22.102548
22867,HUMSAFAR EXP,PENDRA ROAD,PND,66.0,SECR,81.89917,22.755825
22867,HUMSAFAR EXP,ANUPPUR JN,APR,61.0,SECR,81.695967,23.117312
22867,HUMSAFAR EXP,SHAHDOL,SDL,67.0,SECR,81.36407300000000,23.285962
22867,HUMSAFAR EXP,UMARIA,UMR,82.0,SECR,80.823244,23.52273
22867,HUMSAFAR EXP,KATNI MURWARA,KMZ,82.0,SECR,80.4014844,23.8343563
22867,HUMSAFAR EXP,DAMOH,DMO,94.0,SECR,79.432246,23.836693
22867,HUMSAFAR EXP,SAUGOR,SGO,111.0,SECR,78.74292,23.84735
22867,HUMSAFAR EXP,V LAKSHMIBAI JHANSI,VGLJ,88.0,SECR,78.5533,25.4439
22867,HUMSAFAR EXP,GWALIOR,GWL,121.0,SECR,78.18229200000000,26.216483
22867,HUMSAFAR EXP,AGRA CANTT,AGC,137.0,SECR,77.990153,27.157992
22867,HUMSAFAR EXP,MATHURA JN,MTJ,169.0,SECR,77.67311700000000,27.480145
22867,HUMSAFAR EXP,H NIZAMUDDIN,NZM,160.0,SECR,77.254249,28.58733
22868,DURG HUMSAFAR,H NIZAMUDDIN,NZM,117.0,SECR,77.254249,28.58733
22868,DURG HUMSAFAR,MATHURA JN,MTJ,128.0,SECR,77.67311700000000,27.480145
22868,DURG HUMSAFAR,AGRA CANTT,AGC,131.0,SECR,77.990153,27.157992
22868,DURG HUMSAFAR,GWALIOR,GWL,138.0,SECR,78.18229200000000,26.216483
22868,DURG HUMSAFAR,V LAKSHMIBAI JHANSI,VGLJ,151.0,SECR,78.5533,25.4439
22868,DURG HUMSAFAR,SAUGOR,SGO,193.0,SECR,78.74292,23.84735
22868,DURG HUMSAFAR,DAMOH,DMO,212.0,SECR,79.432246,23.836693
22868,DURG HUMSAFAR,KATNI MURWARA,KMZ,191.0,SECR,80.4014844,23.8343563
22868,DURG HUMSAFAR,UMARIA,UMR,201.0,SECR,80.823244,23.52273
22868,DURG HUMSAFAR,SHAHDOL,SDL,203.0,SECR,81.36407300000000,23.285962
22868,DURG HUMSAFAR,ANUPPUR JN,APR,195.0,SECR,81.695967,23.117312
22868,DURG HUMSAFAR,PENDRA ROAD,PND,203.0,SECR,81.89917,22.755825
22868,DURG HUMSAFAR,USLAPUR,USL,181.0,SECR,82.111546,22.102548
22868,DURG HUMSAFAR,BHATAPARA,BYT,191.0,SECR,81.946062,21.732464
22868,DURG HUMSAFAR,RAIPUR JN,R,195.0,SECR,81.629328,21.256462
22868,DURG HUMSAFAR,DURG,DURG,176.0,SECR,81.291837,21.200327
22888,HWH HUMSAFAR EXP,SMVT BENGALURU,SMVB,3.0,SER,77.6418,13.0006
22888,HWH HUMSAFAR EXP,KRISHNARAJAPURM,KJM,10.0,SER,77.674016,13.000534
22888,HWH HUMSAFAR EXP,KATPADI JN,KPD,14.0,SER,79.13534100000000,12.972734
22888,HWH HUMSAFAR EXP,RENIGUNTA JN,RU,5.0,SER,79.50629000000000,13.636261
22888,HWH HUMSAFAR EXP,ONGOLE,OGL,10.0,SER,80.057404,15.498064
22888,HWH HUMSAFAR EXP,VIJAYAWADA JN,BZA,16.0,SER,80.61864800000000,16.518262
22888,HWH HUMSAFAR EXP,RAJAMUNDRY,RJY,25.0,SER,81.783901,16.984159
22888,HWH HUMSAFAR EXP,VISHAKAPATNAM,VSKP,7.0,SER,83.289514,17.72159
22888,HWH HUMSAFAR EXP,VIZIANAGRAM JN,VZM,20.0,SER,83.39558600000000,18.111374
22888,HWH HUMSAFAR EXP,SRIKAKULAM ROAD,CHE,24.0,SER,83.903771,18.408679
22888,HWH HUMSAFAR EXP,PALASA,PSA,16.0,SER,84.42209100000000,18.756782
22888,HWH HUMSAFAR EXP,BRAHMAPUR,BAM,28.0,SER,84.7966912,19.2961348
22888,HWH HUMSAFAR EXP,KHURDA ROAD JN,KUR,33.0,SER,85.70823400000000,20.153076
22888,HWH HUMSAFAR EXP,BHUBANESWAR,BBS,34.0,SER,85.84259500000000,20.265388
22888,HWH HUMSAFAR EXP,CUTTACK,CTC,36.0,SER,85.90156,20.466588
22888,HWH HUMSAFAR EXP,BHADRAKH,BHC,33.0,SER,86.5162305,21.0917458
22888,HWH HUMSAFAR EXP,BALASORE,BLS,49.0,SER,86.91958200000000,21.500521
22888,HWH HUMSAFAR EXP,KHARAGPUR JN,KGP,58.0,SER,87.32845600000000,22.341432
22888,HWH HUMSAFAR EXP,HOWRAH JN,HWH,42.0,SER,88.34099900000000,22.584078
22895,VANDE BHARAT EXP,HOWRAH JN,HWH,4.0,SER,88.34099900000000,22.584078
22895,VANDE BHARAT EXP,KHARAGPUR JN,KGP,10.0,SER,87.32845600000000,22.341432
22895,VANDE BHARAT EXP,BALASORE,BLS,11.0,SER,86.91958200000000,21.500521
22895,VANDE BHARAT EXP,BHADRAKH,BHC,17.0,SER,86.5162305,21.0917458
22895,VANDE BHARAT EXP,JAJPUR K ROAD,JJKR,28.0,SER,86.132518,20.943544
22895,VANDE BHARAT EXP,CUTTACK,CTC,28.0,SER,85.90156,20.466588
22895,VANDE BHARAT EXP,BHUBANESWAR,BBS,30.0,SER,85.84259500000000,20.265388
22895,VANDE BHARAT EXP,KHURDA ROAD JN,KUR,28.0,SER,85.70823400000000,20.153076
22895,VANDE BHARAT EXP,PURI,PURI,18.0,SER,85.839992,19.811459
22896,VANDE BHARAT EXP,PURI,PURI,10.0,SER,85.839992,19.811459
22896,VANDE BHARAT EXP,KHURDA ROAD JN,KUR,17.0,SER,85.70823400000000,20.153076
22896,VANDE BHARAT EXP,BHUBANESWAR,BBS,17.0,SER,85.84259500000000,20.265388
22896,VANDE BHARAT EXP,CUTTACK,CTC,18.0,SER,85.90156,20.466588
22896,VANDE BHARAT EXP,JAJPUR K ROAD,JJKR,20.0,SER,86.132518,20.943544
22896,VANDE BHARAT EXP,BHADRAKH,BHC,23.0,SER,86.5162305,21.0917458
22896,VANDE BHARAT EXP,BALASORE,BLS,32.0,SER,86.91958200000000,21.500521
22896,VANDE BHARAT EXP,KHARAGPUR JN,KGP,34.0,SER,87.32845600000000,22.341432
22896,VANDE BHARAT EXP,HOWRAH JN,HWH,33.0,SER,88.34099900000000,22.584078
22913,SHC HUMSAFAR,BANDRA TERMINUS,BDTS,1.0,WR,72.840535,19.061911
22913,SHC HUMSAFAR,VAPI,VAPI,10.0,WR,72.90912700000000,20.374338
22913,SHC HUMSAFAR,VALSAD,BL,9.0,WR,72.9335291,20.6085595
22913,SHC HUMSAFAR,BHESTAN,BHET,9.0,WR,72.8613128,21.1278829
22913,SHC HUMSAFAR,NANDURBAR,NDB,3.0,WR,74.246482,21.374812
22913,SHC HUMSAFAR,BHUSAVAL JN,BSL,5.0,WR,75.78867170000000,21.0472812
22913,SHC HUMSAFAR,ITARSI JN,ET,3.0,WR,77.767128,22.608258
22913,SHC HUMSAFAR,JABALPUR,JBP,5.0,WR,79.950919,23.164636
22913,SHC HUMSAFAR,KATNI,KTE,15.0,WR,80.400543,23.833385
22913,SHC HUMSAFAR,SATNA,STA,9.0,WR,80.827717,24.568619
22913,SHC HUMSAFAR,PRAYAGRAJ CHHEOKI,PCOI,61.0,WR,,
22913,SHC HUMSAFAR,PT DEEN DAYAL UPADHYAY JN,DDU,64.0,WR,,
22913,SHC HUMSAFAR,PATNA JN,PNBE,100.0,WR,85.136824,25.60256
22913,SHC HUMSAFAR,NEW BARAUNI JN,NBJU,135.0,WR,,
22913,SHC HUMSAFAR,BEGU SARAI,BGS,138.0,WR,86.134476,25.425296
22913,SHC HUMSAFAR,KHAGARIA JN,KGG,124.0,WR,86.46525100000000,25.505891
22913,SHC HUMSAFAR,SAHARSA JN,SHC,85.0,WR,86.594953,25.875208
22914,BDTS HUMSAFAR,SAHARSA JN,SHC,18.0,WR,86.594953,25.875208
22914,BDTS HUMSAFAR,KHAGARIA JN,KGG,29.0,WR,86.46525100000000,25.505891
22914,BDTS HUMSAFAR,BEGU SARAI,BGS,37.0,WR,86.134476,25.425296
22914,BDTS HUMSAFAR,NEW BARAUNI JN,NBJU,19.0,WR,,
22914,BDTS HUMSAFAR,PATNA JN,PNBE,41.0,WR,85.136824,25.60256
22914,BDTS HUMSAFAR,PT DEEN DAYAL UPADHYAY JN,DDU,61.0,WR,,
22914,BDTS HUMSAFAR,PRAYAGRAJ CHHEOKI,PCOI,98.0,WR,,
22914,BDTS HUMSAFAR,SATNA,STA,109.0,WR,80.827717,24.568619
22914,BDTS HUMSAFAR,KATNI,KTE,122.0,WR,80.400543,23.833385
22914,BDTS HUMSAFAR,JABALPUR,JBP,128.0,WR,79.950919,23.164636
22914,BDTS HUMSAFAR,ITARSI JN,ET,108.0,WR,77.767128,22.608258
22914,BDTS HUMSAFAR,BHUSAVAL JN,BSL,107.0,WR,75.78867170000000,21.0472812
22914,BDTS HUMSAFAR,NANDURBAR,NDB,92.0,WR,74.246482,21.374812
22914,BDTS HUMSAFAR,BHESTAN,BHET,82.0,WR,72.8613128,21.1278829
22914,BDTS HUMSAFAR,VALSAD,BL,73.0,WR,72.9335291,20.6085595
22914,BDTS HUMSAFAR,VAPI,VAPI,79.0,WR,72.90912700000000,20.374338
22914,BDTS HUMSAFAR,BANDRA TERMINUS,BDTS,49.0,WR,72.840535,19.061911
22919,MAS ADI HUMSAFAR,CHENNAI CENTRAL,MAS,1.0,WR,80.27485630000000,13.0847613
22919,MAS ADI HUMSAFAR,RENIGUNTA JN,RU,13.0,WR,79.50629000000000,13.636261
22919,MAS ADI HUMSAFAR,GUNTAKAL JN,GTL,10.0,WR,77.36661100000000,15.17556
22919,MAS ADI HUMSAFAR,RAICHUR,RC,8.0,WR,77.339165,16.192441
22919,MAS ADI HUMSAFAR,WADI,WADI,31.0,WR,76.99155000000000,17.054312
22919,MAS ADI HUMSAFAR,KALABURAGI JN,KLBG,36.0,WR,,
22919,MAS ADI HUMSAFAR,SOLAPUR JN,SUR,9.0,WR,75.893401,17.664496
22919,MAS ADI HUMSAFAR,PUNE JN,PUNE,3.0,WR,73.873086,18.529378
22919,MAS ADI HUMSAFAR,KALYAN JN,KYN,15.0,WR,73.12974,19.234716
22919,MAS ADI HUMSAFAR,VASAI ROAD,BSR,13.0,WR,72.8322217,19.3824486
22919,MAS ADI HUMSAFAR,PALGHAR,PLG,16.0,WR,72.77248,19.698038
22919,MAS ADI HUMSAFAR,SURAT,ST,9.0,WR,72.840793,21.206568
22919,MAS ADI HUMSAFAR,VADODARA JN,BRC,18.0,WR,73.181065,22.310756
22919,MAS ADI HUMSAFAR,ANAND JN,ANND,19.0,WR,72.965733,22.561307
22920,ADI MAS HUMSAFAR,AHMEDABAD JN,ADI,8.0,WR,72.601516,23.025515
22920,ADI MAS HUMSAFAR,ANAND JN,ANND,10.0,WR,72.965733,22.561307
22920,ADI MAS HUMSAFAR,VADODARA JN,BRC,11.0,WR,73.181065,22.310756
22920,ADI MAS HUMSAFAR,SURAT,ST,10.0,WR,72.840793,21.206568
22920,ADI MAS HUMSAFAR,PALGHAR,PLG,7.0,WR,72.77248,19.698038
22920,ADI MAS HUMSAFAR,VASAI ROAD,BSR,10.0,WR,72.8322217,19.3824486
22920,ADI MAS HUMSAFAR,KALYAN JN,KYN,20.0,WR,73.12974,19.234716
22920,ADI MAS HUMSAFAR,PUNE JN,PUNE,23.0,WR,73.873086,18.529378
22920,ADI MAS HUMSAFAR,SOLAPUR JN,SUR,26.0,WR,75.893401,17.664496
22920,ADI MAS HUMSAFAR,KALABURAGI JN,KLBG,37.0,WR,,
22920,ADI MAS HUMSAFAR,RAICHUR,RC,13.0,WR,77.339165,16.192441
22920,ADI MAS HUMSAFAR,GUNTAKAL JN,GTL,5.0,WR,77.36661100000000,15.17556
22920,ADI MAS HUMSAFAR,RENIGUNTA JN,RU,8.0,WR,79.50629000000000,13.636261
22923,JAM HUMSAFAR,BANDRA TERMINUS,BDTS,45.0,WR,72.840535,19.061911
22923,JAM HUMSAFAR,BORIVALI,BVI,51.0,WR,72.85641200000000,19.228739
22923,JAM HUMSAFAR,VAPI,VAPI,47.0,WR,72.90912700000000,20.374338
22923,JAM HUMSAFAR,UDHNA JN,UDN,81.0,WR,72.851461,21.171156
22923,JAM HUMSAFAR,SURAT,ST,1.0,WR,72.840793,21.206568
22923,JAM HUMSAFAR,BHARUCH JN,BH,51.0,WR,72.997689,21.706907
22923,JAM HUMSAFAR,VADODARA JN,BRC,52.0,WR,73.181065,22.310756
22923,JAM HUMSAFAR,ANAND JN,ANND,56.0,WR,72.965733,22.561307
22923,JAM HUMSAFAR,AHMEDABAD JN,ADI,55.0,WR,72.601516,23.025515
22923,JAM HUMSAFAR,VIRAMGAM JN,VG,60.0,WR,72.052968,23.129098
22923,JAM HUMSAFAR,SURENDRANAGAR JN,SUNR,52.0,WR,71.630056,22.7443
22923,JAM HUMSAFAR,WANKANER JN,WKR,54.0,WR,70.96561700000000,22.622552
22923,JAM HUMSAFAR,RAJKOT JN,RJT,50.0,WR,70.803446,22.312206
22923,JAM HUMSAFAR,HAPA,HAPA,65.0,WR,70.11814,22.468974
22923,JAM HUMSAFAR,JAMNAGAR,JAM,30.0,WR,70.053879,22.493992
22924,BDTS HUMSAFAR,JAMNAGAR,JAM,19.0,WR,70.053879,22.493992
22924,BDTS HUMSAFAR,HAPA,HAPA,23.0,WR,70.11814,22.468974
22924,BDTS HUMSAFAR,RAJKOT JN,RJT,33.0,WR,70.803446,22.312206
22924,BDTS HUMSAFAR,WANKANER JN,WKR,30.0,WR,70.96561700000000,22.622552
22924,BDTS HUMSAFAR,SURENDRANAGAR JN,SUNR,26.0,WR,71.630056,22.7443
22924,BDTS HUMSAFAR,VIRAMGAM JN,VG,19.0,WR,72.052968,23.129098
22924,BDTS HUMSAFAR,AHMEDABAD JN,ADI,26.0,WR,72.601516,23.025515
22924,BDTS HUMSAFAR,ANAND JN,ANND,26.0,WR,72.965733,22.561307
22924,BDTS HUMSAFAR,VADODARA JN,BRC,27.0,WR,73.181065,22.310756
22924,BDTS HUMSAFAR,BHARUCH JN,BH,31.0,WR,72.997689,21.706907
22924,BDTS HUMSAFAR,UDHNA JN,UDN,38.0,WR,72.851461,21.171156
22924,BDTS HUMSAFAR,SURAT,ST,8.0,WR,72.840793,21.206568
22924,BDTS HUMSAFAR,VAPI,VAPI,30.0,WR,72.90912700000000,20.374338
22924,BDTS HUMSAFAR,BORIVALI,BVI,35.0,WR,72.85641200000000,19.228739
22924,BDTS HUMSAFAR,BANDRA TERMINUS,BDTS,17.0,WR,72.840535,19.061911
22925,OKHA VANDE BHARAT,AHMEDABAD JN,ADI,1.0,WR,72.601516,23.025515
22925,OKHA VANDE BHARAT,SABARMATI JN,SBT,6.0,WR,72.58928200000000,23.077546
22925,OKHA VANDE BHARAT,SANAND,SAU,15.0,WR,72.3847494653,23.0242158216
22925,OKHA VANDE BHARAT,VIRAMGAM JN,VG,16.0,WR,72.052968,23.129098
22925,OKHA VANDE BHARAT,SURENDRANAGAR JN,SUNR,22.0,WR,71.630056,22.7443
22925,OKHA VANDE BHARAT,WANKANER JN,WKR,27.0,WR,70.96561700000000,22.622552
22925,OKHA VANDE BHARAT,RAJKOT JN,RJT,34.0,WR,70.803446,22.312206
22925,OKHA VANDE BHARAT,JAMNAGAR,JAM,24.0,WR,70.053879,22.493992
22925,OKHA VANDE BHARAT,DWARKA,DWK,26.0,WR,68.980434,22.251023
22925,OKHA VANDE BHARAT,OKHA,OKHA,12.0,WR,69.073775,22.47096
22926,ADI VANDE BHARAT,OKHA,OKHA,1.0,WR,69.073775,22.47096
22926,ADI VANDE BHARAT,DWARKA,DWK,4.0,WR,68.980434,22.251023
22926,ADI VANDE BHARAT,JAMNAGAR,JAM,14.0,WR,70.053879,22.493992
22926,ADI VANDE BHARAT,RAJKOT JN,RJT,19.0,WR,70.803446,22.312206
22926,ADI VANDE BHARAT,WANKANER JN,WKR,13.0,WR,70.96561700000000,22.622552
22926,ADI VANDE BHARAT,SURENDRANAGAR JN,SUNR,12.0,WR,71.630056,22.7443
22926,ADI VANDE BHARAT,VIRAMGAM JN,VG,15.0,WR,72.052968,23.129098
22926,ADI VANDE BHARAT,SANAND,SAU,10.0,WR,72.3847494653,23.0242158216
22926,ADI VANDE BHARAT,SABARMATI JN,SBT,15.0,WR,72.58928200000000,23.077546
22961,VANDE BHARAT EXP,MUMBAI CENTRAL,MMCT,3.0,WR,72.8194,18.9697
22961,VANDE BHARAT EXP,BORIVALI,BVI,13.0,WR,72.85641200000000,19.228739
22961,VANDE BHARAT EXP,VAPI,VAPI,10.0,WR,72.90912700000000,20.374338
22961,VANDE BHARAT EXP,SURAT,ST,15.0,WR,72.840793,21.206568
22961,VANDE BHARAT EXP,VADODARA JN,BRC,9.0,WR,73.181065,22.310756
22961,VANDE BHARAT EXP,AHMEDABAD JN,ADI,9.0,WR,72.601516,23.025515
22962,VANDE BHARAT EXP,AHMEDABAD JN,ADI,1.0,WR,72.601516,23.025515
22962,VANDE BHARAT EXP,VADODARA JN,BRC,12.0,WR,73.181065,22.310756
22962,VANDE BHARAT EXP,SURAT,ST,14.0,WR,72.840793,21.206568
22962,VANDE BHARAT EXP,VAPI,VAPI,13.0,WR,72.90912700000000,20.374338
22962,VANDE BHARAT EXP,BORIVALI,BVI,15.0,WR,72.85641200000000,19.228739
22962,VANDE BHARAT EXP,MUMBAI CENTRAL,MMCT,8.0,WR,72.8194,18.9697
22985,RAJ HUMSAFAR EXP,UDAIPUR CITY,UDZ,9.0,NWR,73.699632,24.566862
22985,RAJ HUMSAFAR EXP,MAVLI JN,MVJ,19.0,NWR,73.973721,24.794585
22985,RAJ HUMSAFAR EXP,CHANDERIYA,CNA,14.0,NWR,74.629979,24.939558
22985,RAJ HUMSAFAR EXP,BHILWARA,BHL,26.0,NWR,74.63077340000000,25.3435508
22985,RAJ HUMSAFAR EXP,AJMER JN,AII,12.0,NWR,74.63746400000000,26.456612
22985,RAJ HUMSAFAR EXP,PHULERA JN,FL,29.0,NWR,75.24545600000000,26.872814
22985,RAJ HUMSAFAR EXP,RINGAS JN,RGS,30.0,NWR,75.56360400000000,27.373379
22985,RAJ HUMSAFAR EXP,NARNAUL,NNL,40.0,NWR,76.123133,28.044396
22985,RAJ HUMSAFAR EXP,REWARI,RE,29.0,NWR,76.609414,28.202779
22985,RAJ HUMSAFAR EXP,DELHI S ROHILLA,DEE,20.0,NWR,77.187106,28.662992
22986,RAJ HUMSAFAR EXP,DELHI S ROHILLA,DEE,1.0,NWR,77.187106,28.662992
22986,RAJ HUMSAFAR EXP,REWARI,RE,4.0,NWR,76.609414,28.202779
22986,RAJ HUMSAFAR EXP,NARNAUL,NNL,10.0,NWR,76.123133,28.044396
22986,RAJ HUMSAFAR EXP,RINGAS JN,RGS,13.0,NWR,75.56360400000000,27.373379
22986,RAJ HUMSAFAR EXP,PHULERA JN,FL,15.0,NWR,75.24545600000000,26.872814
22986,RAJ HUMSAFAR EXP,AJMER JN,AII,5.0,NWR,74.63746400000000,26.456612
22986,RAJ HUMSAFAR EXP,BHILWARA,BHL,15.0,NWR,74.63077340000000,25.3435508
22986,RAJ HUMSAFAR EXP,CHANDERIYA,CNA,3.0,NWR,74.629979,24.939558
22986,RAJ HUMSAFAR EXP,MAVLI JN,MVJ,7.0,NWR,73.973721,24.794585
52451,SHIVALK DLX EXP,KALKA,KLK,12.0,NR,76.931759,30.837667
52451,SHIVALK DLX EXP,DHARMPUR HMCHL,DMP,23.0,NR,77.023914,30.900491
52451,SHIVALK DLX EXP,BAROG,BOF,24.0,NR,77.0829696,30.8908529
52451,SHIVALK DLX EXP,SOLAN,SOL,24.0,NR,77.097531,30.907937
52451,SHIVALK DLX EXP,SHIMLA,SML,15.0,NR,77.159932,31.102794
52556,STEAM JUNGLE TEA,,nan,,,,
56136,MTP UAM PASS,METUPALAIYAM,MTP,1.0,SR,76.934533,11.299729
56136,MTP UAM PASS,COONOOR,ONR,1.0,SR,76.791337,11.343714
56136,MTP UAM PASS,ARAVANKADU,AVK,2.0,SR,76.769203,11.359124
56136,MTP UAM PASS,KETTI,KXT,1.0,SR,76.736915,11.381409
56136,MTP UAM PASS,LOVEDALE,LOV,1.0,SR,76.704285,11.382403
56138,ONR UAM PASS,COONOOR,ONR,1.0,SR,76.791337,11.343714
56138,ONR UAM PASS,WELLINGTON,WEL,2.0,SR,76.786078,11.3559
56138,ONR UAM PASS,ARAVANKADU,AVK,3.0,SR,76.769203,11.359124
56138,ONR UAM PASS,KETTI,KXT,4.0,SR,76.736915,11.381409
56138,ONR UAM PASS,LOVEDALE,LOV,3.0,SR,76.704285,11.382403
69207,GNC VTDI MEMU,GANDHINAGAR CAP,GNC,3.0,WR,72.62916200000000,23.233379
69207,GNC VTDI MEMU,KALOL,KLL,20.0,WR,72.50363,23.244576
69207,GNC VTDI MEMU,JHULASAN,JUL,24.0,WR,72.471355,23.326699
69207,GNC VTDI MEMU,DANGARWA,DNW,25.0,WR,72.44125300000000,23.401485
69207,GNC VTDI MEMU,AMBLIYASAN,UMN,25.0,WR,72.423181,23.447386
69207,GNC VTDI MEMU,JAGUDAN,JDN,25.0,WR,72.40164900000000,23.521841
69207,GNC VTDI MEMU,MAHESANA JN,MSH,15.0,WR,72.388708,23.602623
69207,GNC VTDI MEMU,RANDALA,RLD,14.0,WR,,
69207,GNC VTDI MEMU,PUDGAM GANESHPURA,PDGP,14.0,WR,,
69207,GNC VTDI MEMU,VISNAGAR,VNG,15.0,WR,,
69207,GNC VTDI MEMU,GUNJA,GUJ,11.0,WR,,
69207,GNC VTDI MEMU,VADNAGAR,VDG,13.0,WR,,
69207,GNC VTDI MEMU,KHERALU,KRU,13.0,WR,,
69208,VTDI GNC MEMU,VARETHA,VTDI,2.0,WR,,
69208,VTDI GNC MEMU,KHERALU,KRU,2.0,WR,,
69208,VTDI GNC MEMU,VADNAGAR,VDG,1.0,WR,,
69208,VTDI GNC MEMU,GUNJA,GUJ,0.0,WR,,
69208,VTDI GNC MEMU,VISNAGAR,VNG,2.0,WR,,
69208,VTDI GNC MEMU,PUDGAM GANESHPURA,PDGP,1.0,WR,,
69208,VTDI GNC MEMU,RANDALA,RLD,1.0,WR,,
69208,VTDI GNC MEMU,MAHESANA JN,MSH,3.0,WR,72.388708,23.602623
69208,VTDI GNC MEMU,JAGUDAN,JDN,3.0,WR,72.40164900000000,23.521841
69208,VTDI GNC MEMU,AMBLIYASAN,UMN,2.0,WR,72.423181,23.447386
69208,VTDI GNC MEMU,DANGARWA,DNW,3.0,WR,72.44125300000000,23.401485
69208,VTDI GNC MEMU,JHULASAN,JUL,3.0,WR,72.471355,23.326699
69208,VTDI GNC MEMU,KALOL,KLL,2.0,WR,72.50363,23.244576
82501,IRCTC TEJAS EXP,LUCKNOW NE,LJN,14.0,NER,80.91858700000000,26.831967
82501,IRCTC TEJAS EXP,KANPUR CENTRAL,CNB,24.0,NER,80.350966,26.45424
82501,IRCTC TEJAS EXP,TUNDLA JN,TDL,49.0,NER,78.233285,27.207747
82501,IRCTC TEJAS EXP,GHAZIABAD,GZB,44.0,NER,77.431099,28.649702
82501,IRCTC TEJAS EXP,NEW DELHI,NDLS,49.0,NER,77.22000400000000,28.642314
82502,IRCTC TEJAS EXP,NEW DELHI,NDLS,31.0,NER,77.22000400000000,28.642314
82502,IRCTC TEJAS EXP,GHAZIABAD,GZB,38.0,NER,77.431099,28.649702
82502,IRCTC TEJAS EXP,TUNDLA JN,TDL,51.0,NER,78.233285,27.207747
82502,IRCTC TEJAS EXP,KANPUR CENTRAL,CNB,55.0,NER,80.350966,26.45424
82502,IRCTC TEJAS EXP,LUCKNOW NE,LJN,54.0,NER,80.91858700000000,26.831967
82901,MMCT ADI TEJAS,MUMBAI CENTRAL,MMCT,4.0,WR,72.8194,18.9697
82901,MMCT ADI TEJAS,BORIVALI,BVI,15.0,WR,72.85641200000000,19.228739
82901,MMCT ADI TEJAS,VAPI,VAPI,5.0,WR,72.90912700000000,20.374338
82901,MMCT ADI TEJAS,SURAT,ST,9.0,WR,72.840793,21.206568
82901,MMCT ADI TEJAS,BHARUCH JN,BH,13.0,WR,72.997689,21.706907
82901,MMCT ADI TEJAS,VADODARA JN,BRC,12.0,WR,73.181065,22.310756
82901,MMCT ADI TEJAS,NADIAD JN,ND,14.0,WR,72.855718,22.694106
82901,MMCT ADI TEJAS,AHMEDABAD JN,ADI,1.0,WR,72.601516,23.025515
82902,IRCTC TEJAS EXP,AHMEDABAD JN,ADI,2.0,WR,72.601516,23.025515
82902,IRCTC TEJAS EXP,NADIAD JN,ND,10.0,WR,72.855718,22.694106
82902,IRCTC TEJAS EXP,VADODARA JN,BRC,6.0,WR,73.181065,22.310756
82902,IRCTC TEJAS EXP,BHARUCH JN,BH,6.0,WR,72.997689,21.706907
82902,IRCTC TEJAS EXP,SURAT,ST,17.0,WR,72.840793,21.206568
82902,IRCTC TEJAS EXP,VAPI,VAPI,26.0,WR,72.90912700000000,20.374338
82902,IRCTC TEJAS EXP,BORIVALI,BVI,23.0,WR,72.85641200000000,19.228739
82902,IRCTC TEJAS EXP,MUMBAI CENTRAL,MMCT,1.0,WR,72.8194,18.9697
